-- --------------------------------------------------------
-- Hôte :                        127.0.0.1
-- Version du serveur:           5.6.40-log - MySQL Community Server (GPL)
-- SE du serveur:                Win64
-- HeidiSQL Version:             9.5.0.5196
-- --------------------------------------------------------

/*!40101 SET @OLD_CHARACTER_SET_CLIENT=@@CHARACTER_SET_CLIENT */;
/*!40101 SET NAMES utf8 */;
/*!50503 SET NAMES utf8mb4 */;
/*!40014 SET @OLD_FOREIGN_KEY_CHECKS=@@FOREIGN_KEY_CHECKS, FOREIGN_KEY_CHECKS=0 */;
/*!40101 SET @OLD_SQL_MODE=@@SQL_MODE, SQL_MODE='NO_AUTO_VALUE_ON_ZERO' */;


-- Export de la structure de la base pour sgtools
CREATE DATABASE IF NOT EXISTS `sgtools` /*!40100 DEFAULT CHARACTER SET latin1 */;
USE `sgtools`;

-- Export de la structure de la table sgtools. avatars
DROP TABLE IF EXISTS `avatars`;
CREATE TABLE IF NOT EXISTS `avatars` (
  `id` int(10) unsigned NOT NULL AUTO_INCREMENT,
  `name` varchar(30) NOT NULL,
  `pack` int(10) unsigned NOT NULL,
  PRIMARY KEY (`id`)
) ENGINE=InnoDB AUTO_INCREMENT=7 DEFAULT CHARSET=utf8;

-- Export de données de la table sgtools.avatars : ~6 rows (environ)
DELETE FROM `avatars`;
/*!40000 ALTER TABLE `avatars` DISABLE KEYS */;
INSERT INTO `avatars` (`id`, `name`, `pack`) VALUES
	(1, 'Nathalie', 1),
	(2, 'Jean', 1),
	(3, 'Emmanuel', 1),
	(4, 'Marie', 1),
	(5, 'Frederic', 1),
	(6, 'Romain', 2);
/*!40000 ALTER TABLE `avatars` ENABLE KEYS */;

-- Export de la structure de la table sgtools. customer
DROP TABLE IF EXISTS `customer`;
CREATE TABLE IF NOT EXISTS `customer` (
  `id` int(10) unsigned NOT NULL AUTO_INCREMENT,
  `mail` varchar(256) NOT NULL,
  `apikey` text NOT NULL,
  `password` varchar(255) NOT NULL,
  `admin` tinyint(1) NOT NULL,
  PRIMARY KEY (`id`)
) ENGINE=InnoDB AUTO_INCREMENT=6 DEFAULT CHARSET=utf8;

-- Export de données de la table sgtools.customer : ~3 rows (environ)
DELETE FROM `customer`;
/*!40000 ALTER TABLE `customer` DISABLE KEYS */;
INSERT INTO `customer` (`id`, `mail`, `apikey`, `password`, `admin`) VALUES
	(1, 'zarnes@live.com', '', '$2y$10$mG1lcUhpscD4d2Rk/EjMFOhH/yNLN5ssL2y8dhsSPivsYAWB9oyeK', 1),
	(2, 'pwet@live.com', '4H534-5J1FX-BFHZW-DEVRE', '$2y$10$1bfN.gpxcCFfLJ1o8Zt.KelAHcR36eLONf2EwwULrgDgSIIp2urPq', 0),
	(3, 'test2', '1234', '1234', 1);
/*!40000 ALTER TABLE `customer` ENABLE KEYS */;

-- Export de la structure de la table sgtools. customerpacks
DROP TABLE IF EXISTS `customerpacks`;
CREATE TABLE IF NOT EXISTS `customerpacks` (
  `id` int(10) unsigned NOT NULL AUTO_INCREMENT,
  `idCustomer` int(10) unsigned NOT NULL,
  `idPack` int(10) unsigned NOT NULL,
  PRIMARY KEY (`id`)
) ENGINE=InnoDB AUTO_INCREMENT=20 DEFAULT CHARSET=utf8;

-- Export de données de la table sgtools.customerpacks : ~3 rows (environ)
DELETE FROM `customerpacks`;
/*!40000 ALTER TABLE `customerpacks` DISABLE KEYS */;
INSERT INTO `customerpacks` (`id`, `idCustomer`, `idPack`) VALUES
	(1, 1, 1),
	(18, 1, 2),
	(19, 2, 1);
/*!40000 ALTER TABLE `customerpacks` ENABLE KEYS */;

-- Export de la structure de la table sgtools. material
DROP TABLE IF EXISTS `material`;
CREATE TABLE IF NOT EXISTS `material` (
  `id` int(10) unsigned NOT NULL AUTO_INCREMENT,
  `idCustomer` int(11) NOT NULL,
  `name` varchar(160) NOT NULL,
  `category` varchar(60) NOT NULL,
  PRIMARY KEY (`id`)
) ENGINE=InnoDB AUTO_INCREMENT=4443 DEFAULT CHARSET=utf8;

-- Export de données de la table sgtools.material : ~164 rows (environ)
DELETE FROM `material`;
/*!40000 ALTER TABLE `material` DISABLE KEYS */;
INSERT INTO `material` (`id`, `idCustomer`, `name`, `category`) VALUES
	(4, 1, 'mat4', 'test'),
	(6, 1, 'mat6', 'cat6'),
	(7, 1, 'mat3', 'cat5'),
	(13, 1, 'test ultime', 'test'),
	(14, 1, 'test ultime premium', 'catégorie'),
	(15, 1, 'le materiel ultiiime', 'test'),
	(335, 2, 'Plateau césarienne', 'Réfrigérateur'),
	(336, 2, 'Grh1 et 2', 'Dossier d\'anesthésie'),
	(337, 2, 'Laryngoscope manche normal', 'Chariot d\'anesthésie'),
	(338, 2, 'Laryngoscope manche court', 'Chariot d\'anesthésie'),
	(339, 2, 'Magyll', 'Chariot d\'anesthésie'),
	(340, 2, 'Mandrin semi-rigide', 'Chariot d\'anesthésie'),
	(341, 2, 'Canules de Guedel', 'Chariot d\'anesthésie'),
	(342, 2, 'Sondes IOT 6.5', 'Chariot d\'anesthésie'),
	(343, 2, 'Sondes IOT 7', 'Chariot d\'anesthésie'),
	(344, 2, 'Sondes IOT 7.5', 'Chariot d\'anesthésie'),
	(345, 2, 'Sondes IOT armée 7', 'Chariot d\'anesthésie'),
	(346, 2, 'Sondes IOT armée 7.5', 'Chariot d\'anesthésie'),
	(347, 2, 'Sondes Nim', 'Chariot d\'anesthésie'),
	(348, 2, 'Masque laryngé 4', 'Chariot d\'anesthésie'),
	(349, 2, 'Masque laryngé 5', 'Chariot d\'anesthésie'),
	(350, 2, '2ème voie d\'abord', 'Chariot d\'anesthésie'),
	(351, 2, 'Cathlon 16 G', 'Chariot d\'anesthésie'),
	(352, 2, 'Dialaflow', 'Chariot d\'anesthésie'),
	(353, 2, 'Rallonges tubulures', 'Chariot d\'anesthésie'),
	(354, 2, 'Nacl 9%o', 'Chariot d\'anesthésie'),
	(355, 2, 'Capno tubulure longue', 'Tiroir Respirateur'),
	(356, 2, 'Curamètre', 'Tiroir Respirateur'),
	(357, 2, 'Canule buccale', 'Tiroir Respirateur'),
	(358, 2, 'O', 'Tiroir Respirateur'),
	(359, 2, 'Réchauffeur - accélérateur de perfusion', 'Réserve'),
	(360, 2, 'Hemocue', 'Réserve'),
	(361, 2, 'Glucotest', 'Réserve'),
	(362, 2, 'Chariot IOT difficile', 'Réserve'),
	(363, 2, 'Intralipides', 'Réserve'),
	(364, 2, 'Chariot ALR+ échographe', 'Réserve'),
	(365, 2, 'Billot sous scapulaire', 'Réserve'),
	(366, 2, 'BIS', 'Réserve'),
	(367, 2, 'Exacyl', 'Réserve'),
	(368, 2, 'Têtière', 'Réserve'),
	(369, 2, 'Billot fesse', 'Réserve'),
	(370, 2, 'Rouleau adhésif fixation', 'Réserve'),
	(371, 2, 'Billot thoracique', 'Réserve'),
	(372, 2, 'Sérum test', 'Réfrigérateur'),
	(373, 2, 'Nalador', 'Réfrigérateur'),
	(374, 2, 'Phénotype', 'Dossier d\'anesthésie'),
	(375, 2, 'RAI', 'Dossier d\'anesthésie'),
	(376, 2, 'Cross', 'Dossier d\'anesthésie'),
	(377, 2, 'NFS', 'Dossier d\'anesthésie'),
	(378, 2, 'TP', 'Dossier d\'anesthésie'),
	(379, 2, 'TCA', 'Dossier d\'anesthésie'),
	(380, 2, 'INR', 'Dossier d\'anesthésie'),
	(381, 2, 'Iono', 'Dossier d\'anesthésie'),
	(382, 2, 'HGT', 'Dossier d\'anesthésie'),
	(383, 2, 'ECBU', 'Dossier d\'anesthésie'),
	(384, 2, 'T3/T4/TSH', 'Dossier d\'anesthésie'),
	(385, 2, 'Rx pulm', 'Dossier d\'anesthésie'),
	(386, 2, 'ECG', 'Dossier d\'anesthésie'),
	(387, 2, 'Activité MET', 'Dossier d\'anesthésie'),
	(388, 2, 'BMI', 'Dossier d\'anesthésie'),
	(389, 2, 'G5%', 'Chariot d\'anesthésie'),
	(390, 2, 'Isofondine', 'Chariot d\'anesthésie'),
	(391, 2, 'Restorvol', 'Chariot d\'anesthésie'),
	(392, 2, 'Gelofusine', 'Chariot d\'anesthésie'),
	(393, 2, 'Sonde gastrique', 'Chariot d\'anesthésie'),
	(394, 2, 'Protection oculaire renforcée', 'Chariot d\'anesthésie'),
	(395, 2, 'Tuyaux longs respirateur', 'Tiroir Respirateur'),
	(396, 2, 'Acide tranexamique', 'Chariot d\'anesthésie'),
	(397, 2, 'Adrénaline', 'Chariot d\'anesthésie'),
	(398, 2, 'Antibiotique', 'Chariot d\'anesthésie'),
	(399, 2, 'Anticonvulsivants', 'Chariot d\'anesthésie'),
	(400, 2, 'Antalgiques', 'Chariot d\'anesthésie'),
	(401, 2, 'Atropine', 'Chariot d\'anesthésie'),
	(402, 2, 'Dexamethasone', 'Chariot d\'anesthésie'),
	(403, 2, 'Dropéridol', 'Chariot d\'anesthésie'),
	(404, 2, 'Ephédrine', 'Chariot d\'anesthésie'),
	(405, 2, 'Hypnomidate', 'Chariot d\'anesthésie'),
	(406, 2, 'Néostigmine', 'Chariot d\'anesthésie'),
	(407, 2, 'Noradrénaline', 'Chariot d\'anesthésie'),
	(408, 2, 'Phenyléphrine', 'Chariot d\'anesthésie'),
	(409, 2, 'Propofol', 'Chariot d\'anesthésie'),
	(410, 2, 'Ranitidine', 'Chariot d\'anesthésie'),
	(411, 2, 'Salbutamol nébuliseur', 'Chariot d\'anesthésie'),
	(412, 2, 'Thiopental', 'Chariot d\'anesthésie'),
	(413, 2, 'Trinitrine nébuliseur', 'Chariot d\'anesthésie'),
	(414, 2, 'Anesthésique de contact (gel et spray de Xylocaïne)', 'Chariot d\'anesthésie'),
	(415, 2, 'Cale-bouche', 'Chariot d\'anesthésie'),
	(416, 2, 'Canules de Guedel n° 2, 3, 4, ...', 'Chariot d\'anesthésie'),
	(417, 2, 'Ciseaux', 'Chariot d\'anesthésie'),
	(418, 2, 'Fixation sparadrap, cordon', 'Chariot d\'anesthésie'),
	(419, 2, 'Laryngoscope manche long, laryngoscope manche courte avec deux lames 3 et 4 en état de marche à usage unique', 'Chariot d\'anesthésie'),
	(420, 2, 'Masques laryngés n° 3, 4, 5', 'Chariot d\'anesthésie'),
	(421, 2, 'Piles', 'Chariot d\'anesthésie'),
	(422, 2, 'Pince de Magill et mandrin', 'Chariot d\'anesthésie'),
	(423, 2, 'Prolongateur à O2', 'Chariot d\'anesthésie'),
	(424, 2, 'Raccords annelés', 'Chariot d\'anesthésie'),
	(425, 2, 'Sondes à aspiration (12,14,16 et 18 G)', 'Chariot d\'anesthésie'),
	(426, 2, 'Sondes d\'intubation : 6 - 6,5 - 7 - 7,5', 'Chariot d\'anesthésie'),
	(427, 2, 'Sondes d\'intubation armées : 6 - 6,5 - 7 - 7,5', 'Chariot d\'anesthésie'),
	(428, 2, 'Sondes O2 nasales', 'Chariot d\'anesthésie'),
	(429, 2, 'Aiguilles et seringues (5, 10, 20 et 50 ml)', 'Chariot d\'anesthésie'),
	(430, 2, 'Antiseptique à large spectre d\'action rapide', 'Chariot d\'anesthésie'),
	(431, 2, 'Cathéters périphériques 20, 18 et 16 Gauges', 'Chariot d\'anesthésie'),
	(432, 2, 'Garrot, compresses', 'Chariot d\'anesthésie'),
	(433, 2, 'Nécessaire à prélèvement (Gaz du sang, Ionogramme, Numération formule sanguine, groupage...)', 'Chariot d\'anesthésie'),
	(434, 2, 'Pansements occlusifs transparents, bande adhésive', 'Chariot d\'anesthésie'),
	(435, 2, 'Robinets à 3 voies, prolongateurs de perfusion', 'Chariot d\'anesthésie'),
	(436, 2, 'Tubulures à perfusion avec valves anti-retour', 'Chariot d\'anesthésie'),
	(437, 2, 'Bicarbonate de Sodium à 8,4% ', 'Chariot d\'anesthésie'),
	(438, 2, 'Chlorure de Sodium 500 ml', 'Chariot d\'anesthésie'),
	(439, 2, 'Gélofusine (Gélatine) 500 ml', 'Chariot d\'anesthésie'),
	(440, 2, 'Glucose à 5% 500 ml', 'Chariot d\'anesthésie'),
	(441, 2, 'Isofundine 500 ml', 'Chariot d\'anesthésie'),
	(442, 2, 'Restorvol 500 ml', 'Chariot d\'anesthésie'),
	(443, 2, 'Ringer Lactate 500 ml', 'Chariot d\'anesthésie'),
	(444, 2, 'Gants à usage unique non stériles', 'Chariot d\'anesthésie'),
	(445, 2, 'Pince de Kocher', 'Chariot d\'anesthésie'),
	(446, 2, 'Protection oculaire (collyre, vit A...)', 'Chariot d\'anesthésie'),
	(447, 2, 'Solution hydro-alcoolique', 'Chariot d\'anesthésie'),
	(448, 2, 'Sondes gastriques (14, 16, 18 Ch)', 'Chariot d\'anesthésie'),
	(449, 2, 'Masques faciaux de différentes tailles', 'Chariot d\'anesthésie'),
	(450, 2, 'Raccords annelés et filtres antibactériens', 'Chariot d\'anesthésie'),
	(451, 2, 'Electrodes', 'Chariot d\'anesthésie'),
	(452, 2, 'Brassard à tension de différentes tailles', 'Chariot d\'anesthésie'),
	(453, 2, 'Sondes thermiques', 'Chariot d\'anesthésie'),
	(454, 2, 'Lames Mac Intosh 2,3,4', 'Réserve'),
	(455, 2, 'Lames Miller 2,3', 'Réserve'),
	(456, 2, 'Manche laryngo court', 'Réserve'),
	(457, 2, 'Pinces de Magill petite, moyenne, grande', 'Réserve'),
	(458, 2, 'Pince en coeur', 'Réserve'),
	(459, 2, 'Protège-dents', 'Réserve'),
	(460, 2, 'Sondes d\'intubation préformées différentes tailles', 'Réserve'),
	(461, 2, 'Sondes d\'intubation armées différentes tailles', 'Réserve'),
	(462, 2, 'Mandrin pour sonde d\'intubation', 'Réserve'),
	(463, 2, 'Masques laryngés toutes tailles', 'Réserve'),
	(464, 2, 'Fastrach', 'Réserve'),
	(465, 2, 'Set d\'intubation rétrograde', 'Réserve'),
	(466, 2, 'Set de cricothyrotomie', 'Réserve'),
	(467, 2, 'Mandrin de Cook', 'Réserve'),
	(468, 2, 'Alfentanyl', 'Réserve'),
	(469, 2, 'Fentanyl', 'Réserve'),
	(470, 2, 'Kétamine', 'Réserve'),
	(471, 2, 'Morphine', 'Réserve'),
	(472, 2, 'Rémifentanyl', 'Réserve'),
	(473, 2, 'Sufentanyl', 'Réserve'),
	(474, 2, 'Chariot ALR / Intralipides', 'Réserve'),
	(475, 2, 'Aspiration de secours', 'Réserve'),
	(476, 2, 'Kit choc anaphylactique', 'Réserve'),
	(477, 2, 'Hémoglucotest', 'Réserve'),
	(478, 2, 'Kit hyperthermie maligne', 'Réserve'),
	(479, 2, 'Matériel KTC KTA / Câbles', 'Réserve'),
	(480, 2, 'Dispositif de compression veineuse pneumatique intermittente', 'Réserve'),
	(481, 2, 'Matériel d\'échographie', 'Réserve'),
	(482, 2, 'Index bispectral', 'Réserve'),
	(483, 2, 'Ampoules glucose 30 %', 'Réserve'),
	(484, 2, 'Atracurium', 'Réfrigérateur'),
	(485, 2, 'Cisatracurium', 'Réfrigérateur'),
	(486, 2, 'Rocuronium', 'Réfrigérateur'),
	(487, 2, 'Suxamethonium', 'Réfrigérateur'),
	(488, 2, 'Insuline rapide', 'Réfrigérateur'),
	(489, 2, 'Isuprel', 'Réfrigérateur'),
	(490, 2, 'Nalador ®', 'Réfrigérateur'),
	(491, 2, 'Ocytocine', 'Réfrigérateur'),
	(492, 2, 'Solutés', 'Réfrigérateur');
/*!40000 ALTER TABLE `material` ENABLE KEYS */;

-- Export de la structure de la table sgtools. material_liaison
DROP TABLE IF EXISTS `material_liaison`;
CREATE TABLE IF NOT EXISTS `material_liaison` (
  `id` int(10) unsigned NOT NULL AUTO_INCREMENT,
  `idCustomerOld` int(10) unsigned NOT NULL,
  `idMaterial` int(10) unsigned NOT NULL,
  `spawnedBy` tinyint(3) unsigned NOT NULL COMMENT '0=>surgery, 1=>patient',
  `idSpawner` int(10) unsigned NOT NULL,
  PRIMARY KEY (`id`)
) ENGINE=InnoDB AUTO_INCREMENT=2399 DEFAULT CHARSET=utf8;

-- Export de données de la table sgtools.material_liaison : ~2 307 rows (environ)
DELETE FROM `material_liaison`;
/*!40000 ALTER TABLE `material_liaison` DISABLE KEYS */;
INSERT INTO `material_liaison` (`id`, `idCustomerOld`, `idMaterial`, `spawnedBy`, `idSpawner`) VALUES
	(3, 1, 4, 1, 1),
	(12, 1, 13, 0, 1),
	(13, 1, 15, 0, 1),
	(16, 1, 13, 0, 2),
	(17, 1, 4, 0, 1),
	(18, 1, 6, 1, 2),
	(19, 1, 4, 1, 2),
	(20, 1, 13, 1, 2),
	(21, 1, 4, 1, 3),
	(22, 1, 6, 1, 3),
	(35, 1, 7, 0, 2),
	(36, 1, 7, 0, 1),
	(37, 1, 6, 0, 1),
	(38, 1, 4, 0, 3),
	(70, 2, 335, 1, 6),
	(71, 2, 336, 1, 6),
	(72, 2, 376, 1, 6),
	(73, 2, 377, 1, 6),
	(74, 2, 359, 1, 6),
	(75, 2, 364, 1, 6),
	(76, 2, 338, 1, 6),
	(77, 2, 339, 1, 6),
	(78, 2, 342, 1, 6),
	(79, 2, 343, 1, 6),
	(80, 2, 371, 1, 6),
	(81, 2, 344, 1, 6),
	(82, 2, 356, 1, 6),
	(83, 2, 392, 1, 6),
	(84, 2, 393, 1, 6),
	(85, 2, 337, 1, 7),
	(86, 2, 339, 1, 7),
	(87, 2, 368, 1, 7),
	(88, 2, 383, 1, 7),
	(89, 2, 343, 1, 7),
	(90, 2, 385, 1, 7),
	(91, 2, 387, 1, 7),
	(92, 2, 388, 1, 7),
	(93, 2, 356, 1, 7),
	(94, 2, 392, 1, 7),
	(95, 2, 363, 1, 8),
	(96, 2, 364, 1, 8),
	(97, 2, 339, 1, 8),
	(98, 2, 383, 1, 8),
	(99, 2, 343, 1, 8),
	(100, 2, 384, 1, 8),
	(101, 2, 390, 1, 8),
	(102, 2, 354, 1, 8),
	(103, 2, 356, 1, 8),
	(104, 2, 391, 1, 8),
	(105, 2, 392, 1, 8),
	(106, 2, 337, 1, 9),
	(107, 2, 339, 1, 9),
	(108, 2, 380, 1, 9),
	(109, 2, 381, 1, 9),
	(110, 2, 382, 1, 9),
	(111, 2, 343, 1, 9),
	(112, 2, 344, 1, 9),
	(113, 2, 388, 1, 9),
	(114, 2, 389, 1, 9),
	(115, 2, 356, 1, 9),
	(116, 2, 392, 1, 9),
	(117, 2, 337, 1, 10),
	(118, 2, 343, 1, 10),
	(119, 2, 335, 1, 11),
	(120, 2, 336, 1, 11),
	(121, 2, 376, 1, 11),
	(122, 2, 377, 1, 11),
	(123, 2, 359, 1, 11),
	(124, 2, 364, 1, 11),
	(125, 2, 338, 1, 11),
	(126, 2, 339, 1, 11),
	(127, 2, 342, 1, 11),
	(128, 2, 343, 1, 11),
	(129, 2, 371, 1, 11),
	(130, 2, 344, 1, 11),
	(131, 2, 356, 1, 11),
	(132, 2, 392, 1, 11),
	(133, 2, 393, 1, 11),
	(134, 2, 362, 0, 5),
	(135, 2, 374, 0, 5),
	(136, 2, 336, 0, 5),
	(137, 2, 358, 0, 5),
	(138, 2, 375, 0, 5),
	(139, 2, 377, 0, 5),
	(140, 2, 338, 0, 5),
	(141, 2, 379, 0, 5),
	(142, 2, 383, 0, 5),
	(143, 2, 371, 0, 5),
	(144, 2, 353, 0, 5),
	(145, 2, 393, 0, 5),
	(146, 2, 361, 0, 6),
	(147, 2, 362, 0, 6),
	(148, 2, 374, 0, 6),
	(149, 2, 336, 0, 6),
	(150, 2, 358, 0, 6),
	(151, 2, 377, 0, 6),
	(152, 2, 379, 0, 6),
	(153, 2, 380, 0, 6),
	(154, 2, 381, 0, 6),
	(155, 2, 383, 0, 6),
	(156, 2, 371, 0, 6),
	(157, 2, 352, 0, 6),
	(158, 2, 353, 0, 6),
	(159, 2, 393, 0, 6),
	(160, 2, 395, 0, 6),
	(161, 2, 358, 0, 7),
	(162, 2, 365, 0, 7),
	(163, 2, 366, 0, 7),
	(164, 2, 370, 0, 7),
	(165, 2, 362, 0, 8),
	(166, 2, 376, 0, 8),
	(167, 2, 358, 0, 8),
	(168, 2, 377, 0, 8),
	(169, 2, 336, 0, 8),
	(170, 2, 379, 0, 8),
	(171, 2, 380, 0, 8),
	(172, 2, 381, 0, 8),
	(173, 2, 383, 0, 8),
	(174, 2, 371, 0, 8),
	(175, 2, 352, 0, 8),
	(176, 2, 393, 0, 8),
	(177, 2, 400, 0, 9),
	(178, 2, 357, 0, 9),
	(179, 2, 374, 0, 9),
	(180, 2, 336, 0, 9),
	(181, 2, 358, 0, 9),
	(182, 2, 377, 0, 9),
	(183, 2, 379, 0, 9),
	(184, 2, 380, 0, 9),
	(185, 2, 381, 0, 9),
	(186, 2, 386, 0, 9),
	(187, 2, 348, 0, 9),
	(188, 2, 349, 0, 9),
	(189, 2, 355, 0, 9),
	(190, 2, 335, 1, 17),
	(221, 4, 1599, 1, 31),
	(223, 4, 1640, 1, 31),
	(224, 4, 1641, 1, 31),
	(225, 4, 1623, 1, 31),
	(226, 4, 1628, 1, 31),
	(227, 4, 1602, 1, 31),
	(228, 4, 1603, 1, 31),
	(229, 4, 1606, 1, 31),
	(230, 4, 1607, 1, 31),
	(231, 4, 1635, 1, 31),
	(232, 4, 1608, 1, 31),
	(233, 4, 1620, 1, 31),
	(234, 4, 1656, 1, 31),
	(235, 4, 1657, 1, 31),
	(236, 4, 1601, 1, 32),
	(237, 4, 1603, 1, 32),
	(238, 4, 1632, 1, 32),
	(239, 4, 1647, 1, 32),
	(240, 4, 1607, 1, 32),
	(241, 4, 1649, 1, 32),
	(242, 4, 1651, 1, 32),
	(243, 4, 1652, 1, 32),
	(244, 4, 1620, 1, 32),
	(245, 4, 1656, 1, 32),
	(246, 4, 1627, 1, 33),
	(247, 4, 1628, 1, 33),
	(248, 4, 1603, 1, 33),
	(249, 4, 1647, 1, 33),
	(250, 4, 1607, 1, 33),
	(251, 4, 1648, 1, 33),
	(252, 4, 1654, 1, 33),
	(253, 4, 1618, 1, 33),
	(254, 4, 1620, 1, 33),
	(255, 4, 1655, 1, 33),
	(256, 4, 1656, 1, 33),
	(257, 4, 1601, 1, 34),
	(258, 4, 1603, 1, 34),
	(259, 4, 1644, 1, 34),
	(260, 4, 1645, 1, 34),
	(261, 4, 1646, 1, 34),
	(262, 4, 1607, 1, 34),
	(263, 4, 1608, 1, 34),
	(264, 4, 1652, 1, 34),
	(265, 4, 1653, 1, 34),
	(266, 4, 1620, 1, 34),
	(267, 4, 1656, 1, 34),
	(268, 4, 1601, 1, 35),
	(269, 4, 1607, 1, 35),
	(270, 4, 1599, 1, 36),
	(272, 4, 1640, 1, 36),
	(273, 4, 1641, 1, 36),
	(274, 4, 1623, 1, 36),
	(275, 4, 1628, 1, 36),
	(276, 4, 1602, 1, 36),
	(277, 4, 1603, 1, 36),
	(278, 4, 1606, 1, 36),
	(279, 4, 1607, 1, 36),
	(280, 4, 1635, 1, 36),
	(281, 4, 1608, 1, 36),
	(282, 4, 1620, 1, 36),
	(283, 4, 1656, 1, 36),
	(284, 4, 1657, 1, 36),
	(285, 4, 1599, 1, 37),
	(286, 4, 1626, 0, 11),
	(287, 4, 1638, 0, 11),
	(289, 4, 1622, 0, 11),
	(290, 4, 1639, 0, 11),
	(291, 4, 1641, 0, 11),
	(292, 4, 1602, 0, 11),
	(293, 4, 1643, 0, 11),
	(294, 4, 1647, 0, 11),
	(295, 4, 1635, 0, 11),
	(296, 4, 1617, 0, 11),
	(297, 4, 1657, 0, 11),
	(298, 4, 1625, 0, 12),
	(299, 4, 1626, 0, 12),
	(300, 4, 1638, 0, 12),
	(302, 4, 1622, 0, 12),
	(303, 4, 1641, 0, 12),
	(304, 4, 1643, 0, 12),
	(305, 4, 1644, 0, 12),
	(306, 4, 1645, 0, 12),
	(307, 4, 1647, 0, 12),
	(308, 4, 1635, 0, 12),
	(309, 4, 1616, 0, 12),
	(310, 4, 1617, 0, 12),
	(311, 4, 1657, 0, 12),
	(312, 4, 1659, 0, 12),
	(313, 4, 1622, 0, 13),
	(314, 4, 1629, 0, 13),
	(315, 4, 1630, 0, 13),
	(316, 4, 1634, 0, 13),
	(317, 4, 1626, 0, 14),
	(318, 4, 1640, 0, 14),
	(319, 4, 1622, 0, 14),
	(320, 4, 1641, 0, 14),
	(322, 4, 1643, 0, 14),
	(323, 4, 1644, 0, 14),
	(324, 4, 1645, 0, 14),
	(325, 4, 1647, 0, 14),
	(326, 4, 1635, 0, 14),
	(327, 4, 1616, 0, 14),
	(328, 4, 1657, 0, 14),
	(329, 4, 1664, 0, 15),
	(330, 4, 1621, 0, 15),
	(331, 4, 1638, 0, 15),
	(333, 4, 1622, 0, 15),
	(334, 4, 1641, 0, 15),
	(335, 4, 1643, 0, 15),
	(336, 4, 1644, 0, 15),
	(337, 4, 1645, 0, 15),
	(338, 4, 1650, 0, 15),
	(339, 4, 1612, 0, 15),
	(340, 4, 1613, 0, 15),
	(341, 4, 1619, 0, 15),
	(342, 4, 1757, 1, 38),
	(343, 4, 1758, 1, 38),
	(344, 4, 1798, 1, 38),
	(345, 4, 1799, 1, 38),
	(346, 4, 1781, 1, 38),
	(347, 4, 1786, 1, 38),
	(348, 4, 1760, 1, 38),
	(349, 4, 1761, 1, 38),
	(350, 4, 1764, 1, 38),
	(351, 4, 1765, 1, 38),
	(352, 4, 1793, 1, 38),
	(353, 4, 1766, 1, 38),
	(354, 4, 1778, 1, 38),
	(355, 4, 1814, 1, 38),
	(356, 4, 1815, 1, 38),
	(357, 4, 1759, 1, 39),
	(358, 4, 1761, 1, 39),
	(359, 4, 1790, 1, 39),
	(360, 4, 1805, 1, 39),
	(361, 4, 1765, 1, 39),
	(362, 4, 1807, 1, 39),
	(363, 4, 1809, 1, 39),
	(364, 4, 1810, 1, 39),
	(365, 4, 1778, 1, 39),
	(366, 4, 1814, 1, 39),
	(367, 4, 1785, 1, 40),
	(368, 4, 1786, 1, 40),
	(369, 4, 1761, 1, 40),
	(370, 4, 1805, 1, 40),
	(371, 4, 1765, 1, 40),
	(372, 4, 1806, 1, 40),
	(373, 4, 1812, 1, 40),
	(374, 4, 1776, 1, 40),
	(375, 4, 1778, 1, 40),
	(376, 4, 1813, 1, 40),
	(377, 4, 1814, 1, 40),
	(378, 4, 1759, 1, 41),
	(379, 4, 1761, 1, 41),
	(380, 4, 1802, 1, 41),
	(381, 4, 1803, 1, 41),
	(382, 4, 1804, 1, 41),
	(383, 4, 1765, 1, 41),
	(384, 4, 1766, 1, 41),
	(385, 4, 1810, 1, 41),
	(386, 4, 1811, 1, 41),
	(387, 4, 1778, 1, 41),
	(388, 4, 1814, 1, 41),
	(389, 4, 1759, 1, 42),
	(390, 4, 1765, 1, 42),
	(391, 4, 1757, 1, 43),
	(392, 4, 1758, 1, 43),
	(393, 4, 1798, 1, 43),
	(394, 4, 1799, 1, 43),
	(395, 4, 1781, 1, 43),
	(396, 4, 1786, 1, 43),
	(397, 4, 1760, 1, 43),
	(398, 4, 1761, 1, 43),
	(399, 4, 1764, 1, 43),
	(400, 4, 1765, 1, 43),
	(401, 4, 1793, 1, 43),
	(402, 4, 1766, 1, 43),
	(403, 4, 1778, 1, 43),
	(404, 4, 1814, 1, 43),
	(405, 4, 1815, 1, 43),
	(406, 4, 1757, 1, 44),
	(407, 4, 1784, 0, 11),
	(408, 4, 1796, 0, 11),
	(409, 4, 1758, 0, 11),
	(410, 4, 1780, 0, 11),
	(411, 4, 1797, 0, 11),
	(412, 4, 1799, 0, 11),
	(413, 4, 1760, 0, 11),
	(414, 4, 1801, 0, 11),
	(415, 4, 1805, 0, 11),
	(416, 4, 1793, 0, 11),
	(417, 4, 1775, 0, 11),
	(418, 4, 1815, 0, 11),
	(419, 4, 1783, 0, 12),
	(420, 4, 1784, 0, 12),
	(421, 4, 1796, 0, 12),
	(422, 4, 1758, 0, 12),
	(423, 4, 1780, 0, 12),
	(424, 4, 1799, 0, 12),
	(425, 4, 1801, 0, 12),
	(426, 4, 1802, 0, 12),
	(427, 4, 1803, 0, 12),
	(428, 4, 1805, 0, 12),
	(429, 4, 1793, 0, 12),
	(430, 4, 1774, 0, 12),
	(431, 4, 1775, 0, 12),
	(432, 4, 1815, 0, 12),
	(433, 4, 1817, 0, 12),
	(434, 4, 1780, 0, 13),
	(435, 4, 1787, 0, 13),
	(436, 4, 1788, 0, 13),
	(437, 4, 1792, 0, 13),
	(438, 4, 1784, 0, 14),
	(439, 4, 1798, 0, 14),
	(440, 4, 1780, 0, 14),
	(441, 4, 1799, 0, 14),
	(442, 4, 1758, 0, 14),
	(443, 4, 1801, 0, 14),
	(444, 4, 1802, 0, 14),
	(445, 4, 1803, 0, 14),
	(446, 4, 1805, 0, 14),
	(447, 4, 1793, 0, 14),
	(448, 4, 1774, 0, 14),
	(449, 4, 1815, 0, 14),
	(450, 4, 1822, 0, 15),
	(451, 4, 1779, 0, 15),
	(452, 4, 1796, 0, 15),
	(453, 4, 1758, 0, 15),
	(454, 4, 1780, 0, 15),
	(455, 4, 1799, 0, 15),
	(456, 4, 1801, 0, 15),
	(457, 4, 1802, 0, 15),
	(458, 4, 1803, 0, 15),
	(459, 4, 1808, 0, 15),
	(460, 4, 1770, 0, 15),
	(461, 4, 1771, 0, 15),
	(462, 4, 1777, 0, 15),
	(463, 4, 1915, 1, 45),
	(464, 4, 1916, 1, 45),
	(465, 4, 1956, 1, 45),
	(466, 4, 1957, 1, 45),
	(467, 4, 1939, 1, 45),
	(468, 4, 1944, 1, 45),
	(469, 4, 1918, 1, 45),
	(470, 4, 1919, 1, 45),
	(471, 4, 1922, 1, 45),
	(472, 4, 1923, 1, 45),
	(473, 4, 1951, 1, 45),
	(474, 4, 1924, 1, 45),
	(475, 4, 1936, 1, 45),
	(476, 4, 1972, 1, 45),
	(477, 4, 1973, 1, 45),
	(478, 4, 1917, 1, 46),
	(479, 4, 1919, 1, 46),
	(480, 4, 1948, 1, 46),
	(481, 4, 1963, 1, 46),
	(482, 4, 1923, 1, 46),
	(483, 4, 1965, 1, 46),
	(484, 4, 1967, 1, 46),
	(485, 4, 1968, 1, 46),
	(486, 4, 1936, 1, 46),
	(487, 4, 1972, 1, 46),
	(488, 4, 1943, 1, 47),
	(489, 4, 1944, 1, 47),
	(490, 4, 1919, 1, 47),
	(491, 4, 1963, 1, 47),
	(492, 4, 1923, 1, 47),
	(493, 4, 1964, 1, 47),
	(494, 4, 1970, 1, 47),
	(495, 4, 1934, 1, 47),
	(496, 4, 1936, 1, 47),
	(497, 4, 1971, 1, 47),
	(498, 4, 1972, 1, 47),
	(499, 4, 1917, 1, 48),
	(500, 4, 1919, 1, 48),
	(501, 4, 1960, 1, 48),
	(502, 4, 1961, 1, 48),
	(503, 4, 1962, 1, 48),
	(504, 4, 1923, 1, 48),
	(505, 4, 1924, 1, 48),
	(506, 4, 1968, 1, 48),
	(507, 4, 1969, 1, 48),
	(508, 4, 1936, 1, 48),
	(509, 4, 1972, 1, 48),
	(510, 4, 1917, 1, 49),
	(511, 4, 1923, 1, 49),
	(512, 4, 1915, 1, 50),
	(513, 4, 1916, 1, 50),
	(514, 4, 1956, 1, 50),
	(515, 4, 1957, 1, 50),
	(516, 4, 1939, 1, 50),
	(517, 4, 1944, 1, 50),
	(518, 4, 1918, 1, 50),
	(519, 4, 1919, 1, 50),
	(520, 4, 1922, 1, 50),
	(521, 4, 1923, 1, 50),
	(522, 4, 1951, 1, 50),
	(523, 4, 1924, 1, 50),
	(524, 4, 1936, 1, 50),
	(525, 4, 1972, 1, 50),
	(526, 4, 1973, 1, 50),
	(527, 4, 1915, 1, 51),
	(528, 4, 1942, 0, 11),
	(529, 4, 1954, 0, 11),
	(530, 4, 1916, 0, 11),
	(531, 4, 1938, 0, 11),
	(532, 4, 1955, 0, 11),
	(533, 4, 1957, 0, 11),
	(534, 4, 1918, 0, 11),
	(535, 4, 1959, 0, 11),
	(536, 4, 1963, 0, 11),
	(537, 4, 1951, 0, 11),
	(538, 4, 1933, 0, 11),
	(539, 4, 1973, 0, 11),
	(540, 4, 1941, 0, 12),
	(541, 4, 1942, 0, 12),
	(542, 4, 1954, 0, 12),
	(543, 4, 1916, 0, 12),
	(544, 4, 1938, 0, 12),
	(545, 4, 1957, 0, 12),
	(546, 4, 1959, 0, 12),
	(547, 4, 1960, 0, 12),
	(548, 4, 1961, 0, 12),
	(549, 4, 1963, 0, 12),
	(550, 4, 1951, 0, 12),
	(551, 4, 1932, 0, 12),
	(552, 4, 1933, 0, 12),
	(553, 4, 1973, 0, 12),
	(554, 4, 1975, 0, 12),
	(555, 4, 1938, 0, 13),
	(556, 4, 1945, 0, 13),
	(557, 4, 1946, 0, 13),
	(558, 4, 1950, 0, 13),
	(559, 4, 1942, 0, 14),
	(560, 4, 1956, 0, 14),
	(561, 4, 1938, 0, 14),
	(562, 4, 1957, 0, 14),
	(563, 4, 1916, 0, 14),
	(564, 4, 1959, 0, 14),
	(565, 4, 1960, 0, 14),
	(566, 4, 1961, 0, 14),
	(567, 4, 1963, 0, 14),
	(568, 4, 1951, 0, 14),
	(569, 4, 1932, 0, 14),
	(570, 4, 1973, 0, 14),
	(571, 4, 1980, 0, 15),
	(572, 4, 1937, 0, 15),
	(573, 4, 1954, 0, 15),
	(574, 4, 1916, 0, 15),
	(575, 4, 1938, 0, 15),
	(576, 4, 1957, 0, 15),
	(577, 4, 1959, 0, 15),
	(578, 4, 1960, 0, 15),
	(579, 4, 1961, 0, 15),
	(580, 4, 1966, 0, 15),
	(581, 4, 1928, 0, 15),
	(582, 4, 1929, 0, 15),
	(583, 4, 1935, 0, 15),
	(584, 4, 2073, 1, 52),
	(585, 4, 2074, 1, 52),
	(586, 4, 2114, 1, 52),
	(587, 4, 2115, 1, 52),
	(588, 4, 2097, 1, 52),
	(589, 4, 2102, 1, 52),
	(590, 4, 2076, 1, 52),
	(591, 4, 2077, 1, 52),
	(592, 4, 2080, 1, 52),
	(593, 4, 2081, 1, 52),
	(594, 4, 2109, 1, 52),
	(595, 4, 2082, 1, 52),
	(596, 4, 2094, 1, 52),
	(597, 4, 2130, 1, 52),
	(598, 4, 2131, 1, 52),
	(599, 4, 2075, 1, 53),
	(600, 4, 2077, 1, 53),
	(601, 4, 2106, 1, 53),
	(602, 4, 2121, 1, 53),
	(603, 4, 2081, 1, 53),
	(604, 4, 2123, 1, 53),
	(605, 4, 2125, 1, 53),
	(606, 4, 2126, 1, 53),
	(607, 4, 2094, 1, 53),
	(608, 4, 2130, 1, 53),
	(609, 4, 2101, 1, 54),
	(610, 4, 2102, 1, 54),
	(611, 4, 2077, 1, 54),
	(612, 4, 2121, 1, 54),
	(613, 4, 2081, 1, 54),
	(614, 4, 2122, 1, 54),
	(615, 4, 2128, 1, 54),
	(616, 4, 2092, 1, 54),
	(617, 4, 2094, 1, 54),
	(618, 4, 2129, 1, 54),
	(619, 4, 2130, 1, 54),
	(620, 4, 2075, 1, 55),
	(621, 4, 2077, 1, 55),
	(622, 4, 2118, 1, 55),
	(623, 4, 2119, 1, 55),
	(624, 4, 2120, 1, 55),
	(625, 4, 2081, 1, 55),
	(626, 4, 2082, 1, 55),
	(627, 4, 2126, 1, 55),
	(628, 4, 2127, 1, 55),
	(629, 4, 2094, 1, 55),
	(630, 4, 2130, 1, 55),
	(631, 4, 2075, 1, 56),
	(632, 4, 2081, 1, 56),
	(633, 4, 2073, 1, 57),
	(634, 4, 2074, 1, 57),
	(635, 4, 2114, 1, 57),
	(636, 4, 2115, 1, 57),
	(637, 4, 2097, 1, 57),
	(638, 4, 2102, 1, 57),
	(639, 4, 2076, 1, 57),
	(640, 4, 2077, 1, 57),
	(641, 4, 2080, 1, 57),
	(642, 4, 2081, 1, 57),
	(643, 4, 2109, 1, 57),
	(644, 4, 2082, 1, 57),
	(645, 4, 2094, 1, 57),
	(646, 4, 2130, 1, 57),
	(647, 4, 2131, 1, 57),
	(648, 4, 2073, 1, 58),
	(649, 4, 2100, 0, 11),
	(650, 4, 2112, 0, 11),
	(651, 4, 2074, 0, 11),
	(652, 4, 2096, 0, 11),
	(653, 4, 2113, 0, 11),
	(654, 4, 2115, 0, 11),
	(655, 4, 2076, 0, 11),
	(656, 4, 2117, 0, 11),
	(657, 4, 2121, 0, 11),
	(658, 4, 2109, 0, 11),
	(659, 4, 2091, 0, 11),
	(660, 4, 2131, 0, 11),
	(661, 4, 2099, 0, 12),
	(662, 4, 2100, 0, 12),
	(663, 4, 2112, 0, 12),
	(664, 4, 2074, 0, 12),
	(665, 4, 2096, 0, 12),
	(666, 4, 2115, 0, 12),
	(667, 4, 2117, 0, 12),
	(668, 4, 2118, 0, 12),
	(669, 4, 2119, 0, 12),
	(670, 4, 2121, 0, 12),
	(671, 4, 2109, 0, 12),
	(672, 4, 2090, 0, 12),
	(673, 4, 2091, 0, 12),
	(674, 4, 2131, 0, 12),
	(675, 4, 2133, 0, 12),
	(676, 4, 2096, 0, 13),
	(677, 4, 2103, 0, 13),
	(678, 4, 2104, 0, 13),
	(679, 4, 2108, 0, 13),
	(680, 4, 2100, 0, 14),
	(681, 4, 2114, 0, 14),
	(682, 4, 2096, 0, 14),
	(683, 4, 2115, 0, 14),
	(684, 4, 2074, 0, 14),
	(685, 4, 2117, 0, 14),
	(686, 4, 2118, 0, 14),
	(687, 4, 2119, 0, 14),
	(688, 4, 2121, 0, 14),
	(689, 4, 2109, 0, 14),
	(690, 4, 2090, 0, 14),
	(691, 4, 2131, 0, 14),
	(692, 4, 2138, 0, 15),
	(693, 4, 2095, 0, 15),
	(694, 4, 2112, 0, 15),
	(695, 4, 2074, 0, 15),
	(696, 4, 2096, 0, 15),
	(697, 4, 2115, 0, 15),
	(698, 4, 2117, 0, 15),
	(699, 4, 2118, 0, 15),
	(700, 4, 2119, 0, 15),
	(701, 4, 2124, 0, 15),
	(702, 4, 2086, 0, 15),
	(703, 4, 2087, 0, 15),
	(704, 4, 2093, 0, 15),
	(705, 4, 2231, 1, 59),
	(706, 4, 2232, 1, 59),
	(707, 4, 2272, 1, 59),
	(708, 4, 2273, 1, 59),
	(709, 4, 2255, 1, 59),
	(710, 4, 2260, 1, 59),
	(711, 4, 2234, 1, 59),
	(712, 4, 2235, 1, 59),
	(713, 4, 2238, 1, 59),
	(714, 4, 2239, 1, 59),
	(715, 4, 2267, 1, 59),
	(716, 4, 2240, 1, 59),
	(717, 4, 2252, 1, 59),
	(718, 4, 2288, 1, 59),
	(719, 4, 2289, 1, 59),
	(720, 4, 2233, 1, 60),
	(721, 4, 2235, 1, 60),
	(722, 4, 2264, 1, 60),
	(723, 4, 2279, 1, 60),
	(724, 4, 2239, 1, 60),
	(725, 4, 2281, 1, 60),
	(726, 4, 2283, 1, 60),
	(727, 4, 2284, 1, 60),
	(728, 4, 2252, 1, 60),
	(729, 4, 2288, 1, 60),
	(730, 4, 2259, 1, 61),
	(731, 4, 2260, 1, 61),
	(732, 4, 2235, 1, 61),
	(733, 4, 2279, 1, 61),
	(734, 4, 2239, 1, 61),
	(735, 4, 2280, 1, 61),
	(736, 4, 2286, 1, 61),
	(737, 4, 2250, 1, 61),
	(738, 4, 2252, 1, 61),
	(739, 4, 2287, 1, 61),
	(740, 4, 2288, 1, 61),
	(741, 4, 2233, 1, 62),
	(742, 4, 2235, 1, 62),
	(743, 4, 2276, 1, 62),
	(744, 4, 2277, 1, 62),
	(745, 4, 2278, 1, 62),
	(746, 4, 2239, 1, 62),
	(747, 4, 2240, 1, 62),
	(748, 4, 2284, 1, 62),
	(749, 4, 2285, 1, 62),
	(750, 4, 2252, 1, 62),
	(751, 4, 2288, 1, 62),
	(752, 4, 2233, 1, 63),
	(753, 4, 2239, 1, 63),
	(754, 4, 2231, 1, 64),
	(755, 4, 2232, 1, 64),
	(756, 4, 2272, 1, 64),
	(757, 4, 2273, 1, 64),
	(758, 4, 2255, 1, 64),
	(759, 4, 2260, 1, 64),
	(760, 4, 2234, 1, 64),
	(761, 4, 2235, 1, 64),
	(762, 4, 2238, 1, 64),
	(763, 4, 2239, 1, 64),
	(764, 4, 2267, 1, 64),
	(765, 4, 2240, 1, 64),
	(766, 4, 2252, 1, 64),
	(767, 4, 2288, 1, 64),
	(768, 4, 2289, 1, 64),
	(769, 4, 2231, 1, 65),
	(770, 4, 2258, 0, 11),
	(771, 4, 2270, 0, 11),
	(772, 4, 2232, 0, 11),
	(773, 4, 2254, 0, 11),
	(774, 4, 2271, 0, 11),
	(775, 4, 2273, 0, 11),
	(776, 4, 2234, 0, 11),
	(777, 4, 2275, 0, 11),
	(778, 4, 2279, 0, 11),
	(779, 4, 2267, 0, 11),
	(780, 4, 2249, 0, 11),
	(781, 4, 2289, 0, 11),
	(782, 4, 2257, 0, 12),
	(783, 4, 2258, 0, 12),
	(784, 4, 2270, 0, 12),
	(785, 4, 2232, 0, 12),
	(786, 4, 2254, 0, 12),
	(787, 4, 2273, 0, 12),
	(788, 4, 2275, 0, 12),
	(789, 4, 2276, 0, 12),
	(790, 4, 2277, 0, 12),
	(791, 4, 2279, 0, 12),
	(792, 4, 2267, 0, 12),
	(793, 4, 2248, 0, 12),
	(794, 4, 2249, 0, 12),
	(795, 4, 2289, 0, 12),
	(796, 4, 2291, 0, 12),
	(797, 4, 2254, 0, 13),
	(798, 4, 2261, 0, 13),
	(799, 4, 2262, 0, 13),
	(800, 4, 2266, 0, 13),
	(801, 4, 2258, 0, 14),
	(802, 4, 2272, 0, 14),
	(803, 4, 2254, 0, 14),
	(804, 4, 2273, 0, 14),
	(805, 4, 2232, 0, 14),
	(806, 4, 2275, 0, 14),
	(807, 4, 2276, 0, 14),
	(808, 4, 2277, 0, 14),
	(809, 4, 2279, 0, 14),
	(810, 4, 2267, 0, 14),
	(811, 4, 2248, 0, 14),
	(812, 4, 2289, 0, 14),
	(813, 4, 2296, 0, 15),
	(814, 4, 2253, 0, 15),
	(815, 4, 2270, 0, 15),
	(816, 4, 2232, 0, 15),
	(817, 4, 2254, 0, 15),
	(818, 4, 2273, 0, 15),
	(819, 4, 2275, 0, 15),
	(820, 4, 2276, 0, 15),
	(821, 4, 2277, 0, 15),
	(822, 4, 2282, 0, 15),
	(823, 4, 2244, 0, 15),
	(824, 4, 2245, 0, 15),
	(825, 4, 2251, 0, 15),
	(826, 4, 2389, 1, 66),
	(827, 4, 2390, 1, 66),
	(828, 4, 2430, 1, 66),
	(829, 4, 2431, 1, 66),
	(830, 4, 2413, 1, 66),
	(831, 4, 2418, 1, 66),
	(832, 4, 2392, 1, 66),
	(833, 4, 2393, 1, 66),
	(834, 4, 2396, 1, 66),
	(835, 4, 2397, 1, 66),
	(836, 4, 2425, 1, 66),
	(837, 4, 2398, 1, 66),
	(838, 4, 2410, 1, 66),
	(839, 4, 2446, 1, 66),
	(840, 4, 2447, 1, 66),
	(841, 4, 2391, 1, 67),
	(842, 4, 2393, 1, 67),
	(843, 4, 2422, 1, 67),
	(844, 4, 2437, 1, 67),
	(845, 4, 2397, 1, 67),
	(846, 4, 2439, 1, 67),
	(847, 4, 2441, 1, 67),
	(848, 4, 2442, 1, 67),
	(849, 4, 2410, 1, 67),
	(850, 4, 2446, 1, 67),
	(851, 4, 2417, 1, 68),
	(852, 4, 2418, 1, 68),
	(853, 4, 2393, 1, 68),
	(854, 4, 2437, 1, 68),
	(855, 4, 2397, 1, 68),
	(856, 4, 2438, 1, 68),
	(857, 4, 2444, 1, 68),
	(858, 4, 2408, 1, 68),
	(859, 4, 2410, 1, 68),
	(860, 4, 2445, 1, 68),
	(861, 4, 2446, 1, 68),
	(862, 4, 2391, 1, 69),
	(863, 4, 2393, 1, 69),
	(864, 4, 2434, 1, 69),
	(865, 4, 2435, 1, 69),
	(866, 4, 2436, 1, 69),
	(867, 4, 2397, 1, 69),
	(868, 4, 2398, 1, 69),
	(869, 4, 2442, 1, 69),
	(870, 4, 2443, 1, 69),
	(871, 4, 2410, 1, 69),
	(872, 4, 2446, 1, 69),
	(873, 4, 2391, 1, 70),
	(874, 4, 2397, 1, 70),
	(875, 4, 2389, 1, 71),
	(876, 4, 2390, 1, 71),
	(877, 4, 2430, 1, 71),
	(878, 4, 2431, 1, 71),
	(879, 4, 2413, 1, 71),
	(880, 4, 2418, 1, 71),
	(881, 4, 2392, 1, 71),
	(882, 4, 2393, 1, 71),
	(883, 4, 2396, 1, 71),
	(884, 4, 2397, 1, 71),
	(885, 4, 2425, 1, 71),
	(886, 4, 2398, 1, 71),
	(887, 4, 2410, 1, 71),
	(888, 4, 2446, 1, 71),
	(889, 4, 2447, 1, 71),
	(890, 4, 2389, 1, 72),
	(891, 4, 2416, 0, 11),
	(892, 4, 2428, 0, 11),
	(893, 4, 2390, 0, 11),
	(894, 4, 2412, 0, 11),
	(895, 4, 2429, 0, 11),
	(896, 4, 2431, 0, 11),
	(897, 4, 2392, 0, 11),
	(898, 4, 2433, 0, 11),
	(899, 4, 2437, 0, 11),
	(900, 4, 2425, 0, 11),
	(901, 4, 2407, 0, 11),
	(902, 4, 2447, 0, 11),
	(903, 4, 2415, 0, 12),
	(904, 4, 2416, 0, 12),
	(905, 4, 2428, 0, 12),
	(906, 4, 2390, 0, 12),
	(907, 4, 2412, 0, 12),
	(908, 4, 2431, 0, 12),
	(909, 4, 2433, 0, 12),
	(910, 4, 2434, 0, 12),
	(911, 4, 2435, 0, 12),
	(912, 4, 2437, 0, 12),
	(913, 4, 2425, 0, 12),
	(914, 4, 2406, 0, 12),
	(915, 4, 2407, 0, 12),
	(916, 4, 2447, 0, 12),
	(917, 4, 2449, 0, 12),
	(918, 4, 2412, 0, 13),
	(919, 4, 2419, 0, 13),
	(920, 4, 2420, 0, 13),
	(921, 4, 2424, 0, 13),
	(922, 4, 2416, 0, 14),
	(923, 4, 2430, 0, 14),
	(924, 4, 2412, 0, 14),
	(925, 4, 2431, 0, 14),
	(926, 4, 2390, 0, 14),
	(927, 4, 2433, 0, 14),
	(928, 4, 2434, 0, 14),
	(929, 4, 2435, 0, 14),
	(930, 4, 2437, 0, 14),
	(931, 4, 2425, 0, 14),
	(932, 4, 2406, 0, 14),
	(933, 4, 2447, 0, 14),
	(934, 4, 2454, 0, 15),
	(935, 4, 2411, 0, 15),
	(936, 4, 2428, 0, 15),
	(937, 4, 2390, 0, 15),
	(938, 4, 2412, 0, 15),
	(939, 4, 2431, 0, 15),
	(940, 4, 2433, 0, 15),
	(941, 4, 2434, 0, 15),
	(942, 4, 2435, 0, 15),
	(943, 4, 2440, 0, 15),
	(944, 4, 2402, 0, 15),
	(945, 4, 2403, 0, 15),
	(946, 4, 2409, 0, 15),
	(947, 4, 2547, 1, 73),
	(948, 4, 2548, 1, 73),
	(949, 4, 2588, 1, 73),
	(950, 4, 2589, 1, 73),
	(951, 4, 2571, 1, 73),
	(952, 4, 2576, 1, 73),
	(953, 4, 2550, 1, 73),
	(954, 4, 2551, 1, 73),
	(955, 4, 2554, 1, 73),
	(956, 4, 2555, 1, 73),
	(957, 4, 2583, 1, 73),
	(958, 4, 2556, 1, 73),
	(959, 4, 2568, 1, 73),
	(960, 4, 2604, 1, 73),
	(961, 4, 2605, 1, 73),
	(962, 4, 2549, 1, 74),
	(963, 4, 2551, 1, 74),
	(964, 4, 2580, 1, 74),
	(965, 4, 2595, 1, 74),
	(966, 4, 2555, 1, 74),
	(967, 4, 2597, 1, 74),
	(968, 4, 2599, 1, 74),
	(969, 4, 2600, 1, 74),
	(970, 4, 2568, 1, 74),
	(971, 4, 2604, 1, 74),
	(972, 4, 2575, 1, 75),
	(973, 4, 2576, 1, 75),
	(974, 4, 2551, 1, 75),
	(975, 4, 2595, 1, 75),
	(976, 4, 2555, 1, 75),
	(977, 4, 2596, 1, 75),
	(978, 4, 2602, 1, 75),
	(979, 4, 2566, 1, 75),
	(980, 4, 2568, 1, 75),
	(981, 4, 2603, 1, 75),
	(982, 4, 2604, 1, 75),
	(983, 4, 2549, 1, 76),
	(984, 4, 2551, 1, 76),
	(985, 4, 2592, 1, 76),
	(986, 4, 2593, 1, 76),
	(987, 4, 2594, 1, 76),
	(988, 4, 2555, 1, 76),
	(989, 4, 2556, 1, 76),
	(990, 4, 2600, 1, 76),
	(991, 4, 2601, 1, 76),
	(992, 4, 2568, 1, 76),
	(993, 4, 2604, 1, 76),
	(994, 4, 2549, 1, 77),
	(995, 4, 2555, 1, 77),
	(996, 4, 2547, 1, 78),
	(997, 4, 2548, 1, 78),
	(998, 4, 2588, 1, 78),
	(999, 4, 2589, 1, 78),
	(1000, 4, 2571, 1, 78),
	(1001, 4, 2576, 1, 78),
	(1002, 4, 2550, 1, 78),
	(1003, 4, 2551, 1, 78),
	(1004, 4, 2554, 1, 78),
	(1005, 4, 2555, 1, 78),
	(1006, 4, 2583, 1, 78),
	(1007, 4, 2556, 1, 78),
	(1008, 4, 2568, 1, 78),
	(1009, 4, 2604, 1, 78),
	(1010, 4, 2605, 1, 78),
	(1011, 4, 2547, 1, 79),
	(1012, 4, 2574, 0, 11),
	(1013, 4, 2586, 0, 11),
	(1014, 4, 2548, 0, 11),
	(1015, 4, 2570, 0, 11),
	(1016, 4, 2587, 0, 11),
	(1017, 4, 2589, 0, 11),
	(1018, 4, 2550, 0, 11),
	(1019, 4, 2591, 0, 11),
	(1020, 4, 2595, 0, 11),
	(1021, 4, 2583, 0, 11),
	(1022, 4, 2565, 0, 11),
	(1023, 4, 2605, 0, 11),
	(1024, 4, 2573, 0, 12),
	(1025, 4, 2574, 0, 12),
	(1026, 4, 2586, 0, 12),
	(1027, 4, 2548, 0, 12),
	(1028, 4, 2570, 0, 12),
	(1029, 4, 2589, 0, 12),
	(1030, 4, 2591, 0, 12),
	(1031, 4, 2592, 0, 12),
	(1032, 4, 2593, 0, 12),
	(1033, 4, 2595, 0, 12),
	(1034, 4, 2583, 0, 12),
	(1035, 4, 2564, 0, 12),
	(1036, 4, 2565, 0, 12),
	(1037, 4, 2605, 0, 12),
	(1038, 4, 2607, 0, 12),
	(1039, 4, 2570, 0, 13),
	(1040, 4, 2577, 0, 13),
	(1041, 4, 2578, 0, 13),
	(1042, 4, 2582, 0, 13),
	(1043, 4, 2574, 0, 14),
	(1044, 4, 2588, 0, 14),
	(1045, 4, 2570, 0, 14),
	(1046, 4, 2589, 0, 14),
	(1047, 4, 2548, 0, 14),
	(1048, 4, 2591, 0, 14),
	(1049, 4, 2592, 0, 14),
	(1050, 4, 2593, 0, 14),
	(1051, 4, 2595, 0, 14),
	(1052, 4, 2583, 0, 14),
	(1053, 4, 2564, 0, 14),
	(1054, 4, 2605, 0, 14),
	(1055, 4, 2612, 0, 15),
	(1056, 4, 2569, 0, 15),
	(1057, 4, 2586, 0, 15),
	(1058, 4, 2548, 0, 15),
	(1059, 4, 2570, 0, 15),
	(1060, 4, 2589, 0, 15),
	(1061, 4, 2591, 0, 15),
	(1062, 4, 2592, 0, 15),
	(1063, 4, 2593, 0, 15),
	(1064, 4, 2598, 0, 15),
	(1065, 4, 2560, 0, 15),
	(1066, 4, 2561, 0, 15),
	(1067, 4, 2567, 0, 15),
	(1068, 4, 2705, 1, 80),
	(1069, 4, 2706, 1, 80),
	(1070, 4, 2746, 1, 80),
	(1071, 4, 2747, 1, 80),
	(1072, 4, 2729, 1, 80),
	(1073, 4, 2734, 1, 80),
	(1074, 4, 2708, 1, 80),
	(1075, 4, 2709, 1, 80),
	(1076, 4, 2712, 1, 80),
	(1077, 4, 2713, 1, 80),
	(1078, 4, 2741, 1, 80),
	(1079, 4, 2714, 1, 80),
	(1080, 4, 2726, 1, 80),
	(1081, 4, 2762, 1, 80),
	(1082, 4, 2763, 1, 80),
	(1083, 4, 2707, 1, 81),
	(1084, 4, 2709, 1, 81),
	(1085, 4, 2738, 1, 81),
	(1086, 4, 2753, 1, 81),
	(1087, 4, 2713, 1, 81),
	(1088, 4, 2755, 1, 81),
	(1089, 4, 2757, 1, 81),
	(1090, 4, 2758, 1, 81),
	(1091, 4, 2726, 1, 81),
	(1092, 4, 2762, 1, 81),
	(1093, 4, 2733, 1, 82),
	(1094, 4, 2734, 1, 82),
	(1095, 4, 2709, 1, 82),
	(1096, 4, 2753, 1, 82),
	(1097, 4, 2713, 1, 82),
	(1098, 4, 2754, 1, 82),
	(1099, 4, 2760, 1, 82),
	(1100, 4, 2724, 1, 82),
	(1101, 4, 2726, 1, 82),
	(1102, 4, 2761, 1, 82),
	(1103, 4, 2762, 1, 82),
	(1104, 4, 2707, 1, 83),
	(1105, 4, 2709, 1, 83),
	(1106, 4, 2750, 1, 83),
	(1107, 4, 2751, 1, 83),
	(1108, 4, 2752, 1, 83),
	(1109, 4, 2713, 1, 83),
	(1110, 4, 2714, 1, 83),
	(1111, 4, 2758, 1, 83),
	(1112, 4, 2759, 1, 83),
	(1113, 4, 2726, 1, 83),
	(1114, 4, 2762, 1, 83),
	(1115, 4, 2707, 1, 84),
	(1116, 4, 2713, 1, 84),
	(1117, 4, 2705, 1, 85),
	(1118, 4, 2706, 1, 85),
	(1119, 4, 2746, 1, 85),
	(1120, 4, 2747, 1, 85),
	(1121, 4, 2729, 1, 85),
	(1122, 4, 2734, 1, 85),
	(1123, 4, 2708, 1, 85),
	(1124, 4, 2709, 1, 85),
	(1125, 4, 2712, 1, 85),
	(1126, 4, 2713, 1, 85),
	(1127, 4, 2741, 1, 85),
	(1128, 4, 2714, 1, 85),
	(1129, 4, 2726, 1, 85),
	(1130, 4, 2762, 1, 85),
	(1131, 4, 2763, 1, 85),
	(1132, 4, 2705, 1, 86),
	(1133, 4, 2732, 0, 11),
	(1134, 4, 2744, 0, 11),
	(1135, 4, 2706, 0, 11),
	(1136, 4, 2728, 0, 11),
	(1137, 4, 2745, 0, 11),
	(1138, 4, 2747, 0, 11),
	(1139, 4, 2708, 0, 11),
	(1140, 4, 2749, 0, 11),
	(1141, 4, 2753, 0, 11),
	(1142, 4, 2741, 0, 11),
	(1143, 4, 2723, 0, 11),
	(1144, 4, 2763, 0, 11),
	(1145, 4, 2731, 0, 12),
	(1146, 4, 2732, 0, 12),
	(1147, 4, 2744, 0, 12),
	(1148, 4, 2706, 0, 12),
	(1149, 4, 2728, 0, 12),
	(1150, 4, 2747, 0, 12),
	(1151, 4, 2749, 0, 12),
	(1152, 4, 2750, 0, 12),
	(1153, 4, 2751, 0, 12),
	(1154, 4, 2753, 0, 12),
	(1155, 4, 2741, 0, 12),
	(1156, 4, 2722, 0, 12),
	(1157, 4, 2723, 0, 12),
	(1158, 4, 2763, 0, 12),
	(1159, 4, 2765, 0, 12),
	(1160, 4, 2728, 0, 13),
	(1161, 4, 2735, 0, 13),
	(1162, 4, 2736, 0, 13),
	(1163, 4, 2740, 0, 13),
	(1164, 4, 2732, 0, 14),
	(1165, 4, 2746, 0, 14),
	(1166, 4, 2728, 0, 14),
	(1167, 4, 2747, 0, 14),
	(1168, 4, 2706, 0, 14),
	(1169, 4, 2749, 0, 14),
	(1170, 4, 2750, 0, 14),
	(1171, 4, 2751, 0, 14),
	(1172, 4, 2753, 0, 14),
	(1173, 4, 2741, 0, 14),
	(1174, 4, 2722, 0, 14),
	(1175, 4, 2763, 0, 14),
	(1176, 4, 2770, 0, 15),
	(1177, 4, 2727, 0, 15),
	(1178, 4, 2744, 0, 15),
	(1179, 4, 2706, 0, 15),
	(1180, 4, 2728, 0, 15),
	(1181, 4, 2747, 0, 15),
	(1182, 4, 2749, 0, 15),
	(1183, 4, 2750, 0, 15),
	(1184, 4, 2751, 0, 15),
	(1185, 4, 2756, 0, 15),
	(1186, 4, 2718, 0, 15),
	(1187, 4, 2719, 0, 15),
	(1188, 4, 2725, 0, 15),
	(1189, 4, 2863, 1, 87),
	(1190, 4, 2864, 1, 87),
	(1191, 4, 2904, 1, 87),
	(1192, 4, 2905, 1, 87),
	(1193, 4, 2887, 1, 87),
	(1194, 4, 2892, 1, 87),
	(1195, 4, 2866, 1, 87),
	(1196, 4, 2867, 1, 87),
	(1197, 4, 2870, 1, 87),
	(1198, 4, 2871, 1, 87),
	(1199, 4, 2899, 1, 87),
	(1200, 4, 2872, 1, 87),
	(1201, 4, 2884, 1, 87),
	(1202, 4, 2920, 1, 87),
	(1203, 4, 2921, 1, 87),
	(1204, 4, 2865, 1, 88),
	(1205, 4, 2867, 1, 88),
	(1206, 4, 2896, 1, 88),
	(1207, 4, 2911, 1, 88),
	(1208, 4, 2871, 1, 88),
	(1209, 4, 2913, 1, 88),
	(1210, 4, 2915, 1, 88),
	(1211, 4, 2916, 1, 88),
	(1212, 4, 2884, 1, 88),
	(1213, 4, 2920, 1, 88),
	(1214, 4, 2891, 1, 89),
	(1215, 4, 2892, 1, 89),
	(1216, 4, 2867, 1, 89),
	(1217, 4, 2911, 1, 89),
	(1218, 4, 2871, 1, 89),
	(1219, 4, 2912, 1, 89),
	(1220, 4, 2918, 1, 89),
	(1221, 4, 2882, 1, 89),
	(1222, 4, 2884, 1, 89),
	(1223, 4, 2919, 1, 89),
	(1224, 4, 2920, 1, 89),
	(1225, 4, 2865, 1, 90),
	(1226, 4, 2867, 1, 90),
	(1227, 4, 2908, 1, 90),
	(1228, 4, 2909, 1, 90),
	(1229, 4, 2910, 1, 90),
	(1230, 4, 2871, 1, 90),
	(1231, 4, 2872, 1, 90),
	(1232, 4, 2916, 1, 90),
	(1233, 4, 2917, 1, 90),
	(1234, 4, 2884, 1, 90),
	(1235, 4, 2920, 1, 90),
	(1236, 4, 2865, 1, 91),
	(1237, 4, 2871, 1, 91),
	(1238, 4, 2863, 1, 92),
	(1239, 4, 2864, 1, 92),
	(1240, 4, 2904, 1, 92),
	(1241, 4, 2905, 1, 92),
	(1242, 4, 2887, 1, 92),
	(1243, 4, 2892, 1, 92),
	(1244, 4, 2866, 1, 92),
	(1245, 4, 2867, 1, 92),
	(1246, 4, 2870, 1, 92),
	(1247, 4, 2871, 1, 92),
	(1248, 4, 2899, 1, 92),
	(1249, 4, 2872, 1, 92),
	(1250, 4, 2884, 1, 92),
	(1251, 4, 2920, 1, 92),
	(1252, 4, 2921, 1, 92),
	(1253, 4, 2863, 1, 93),
	(1254, 4, 2890, 0, 11),
	(1255, 4, 2902, 0, 11),
	(1256, 4, 2864, 0, 11),
	(1257, 4, 2886, 0, 11),
	(1258, 4, 2903, 0, 11),
	(1259, 4, 2905, 0, 11),
	(1260, 4, 2866, 0, 11),
	(1261, 4, 2907, 0, 11),
	(1262, 4, 2911, 0, 11),
	(1263, 4, 2899, 0, 11),
	(1264, 4, 2881, 0, 11),
	(1265, 4, 2921, 0, 11),
	(1266, 4, 2889, 0, 12),
	(1267, 4, 2890, 0, 12),
	(1268, 4, 2902, 0, 12),
	(1269, 4, 2864, 0, 12),
	(1270, 4, 2886, 0, 12),
	(1271, 4, 2905, 0, 12),
	(1272, 4, 2907, 0, 12),
	(1273, 4, 2908, 0, 12),
	(1274, 4, 2909, 0, 12),
	(1275, 4, 2911, 0, 12),
	(1276, 4, 2899, 0, 12),
	(1277, 4, 2880, 0, 12),
	(1278, 4, 2881, 0, 12),
	(1279, 4, 2921, 0, 12),
	(1280, 4, 2923, 0, 12),
	(1281, 4, 2886, 0, 13),
	(1282, 4, 2893, 0, 13),
	(1283, 4, 2894, 0, 13),
	(1284, 4, 2898, 0, 13),
	(1285, 4, 2890, 0, 14),
	(1286, 4, 2904, 0, 14),
	(1287, 4, 2886, 0, 14),
	(1288, 4, 2905, 0, 14),
	(1289, 4, 2864, 0, 14),
	(1290, 4, 2907, 0, 14),
	(1291, 4, 2908, 0, 14),
	(1292, 4, 2909, 0, 14),
	(1293, 4, 2911, 0, 14),
	(1294, 4, 2899, 0, 14),
	(1295, 4, 2880, 0, 14),
	(1296, 4, 2921, 0, 14),
	(1297, 4, 2928, 0, 15),
	(1298, 4, 2885, 0, 15),
	(1299, 4, 2902, 0, 15),
	(1300, 4, 2864, 0, 15),
	(1301, 4, 2886, 0, 15),
	(1302, 4, 2905, 0, 15),
	(1303, 4, 2907, 0, 15),
	(1304, 4, 2908, 0, 15),
	(1305, 4, 2909, 0, 15),
	(1306, 4, 2914, 0, 15),
	(1307, 4, 2876, 0, 15),
	(1308, 4, 2877, 0, 15),
	(1309, 4, 2883, 0, 15),
	(1310, 4, 3021, 1, 94),
	(1311, 4, 3022, 1, 94),
	(1312, 4, 3062, 1, 94),
	(1313, 4, 3063, 1, 94),
	(1314, 4, 3045, 1, 94),
	(1315, 4, 3050, 1, 94),
	(1316, 4, 3024, 1, 94),
	(1317, 4, 3025, 1, 94),
	(1318, 4, 3028, 1, 94),
	(1319, 4, 3029, 1, 94),
	(1320, 4, 3057, 1, 94),
	(1321, 4, 3030, 1, 94),
	(1322, 4, 3042, 1, 94),
	(1323, 4, 3078, 1, 94),
	(1324, 4, 3079, 1, 94),
	(1325, 4, 3023, 1, 95),
	(1326, 4, 3025, 1, 95),
	(1327, 4, 3054, 1, 95),
	(1328, 4, 3069, 1, 95),
	(1329, 4, 3029, 1, 95),
	(1330, 4, 3071, 1, 95),
	(1331, 4, 3073, 1, 95),
	(1332, 4, 3074, 1, 95),
	(1333, 4, 3042, 1, 95),
	(1334, 4, 3078, 1, 95),
	(1335, 4, 3049, 1, 96),
	(1336, 4, 3050, 1, 96),
	(1337, 4, 3025, 1, 96),
	(1338, 4, 3069, 1, 96),
	(1339, 4, 3029, 1, 96),
	(1340, 4, 3070, 1, 96),
	(1341, 4, 3076, 1, 96),
	(1342, 4, 3040, 1, 96),
	(1343, 4, 3042, 1, 96),
	(1344, 4, 3077, 1, 96),
	(1345, 4, 3078, 1, 96),
	(1346, 4, 3023, 1, 97),
	(1347, 4, 3025, 1, 97),
	(1348, 4, 3066, 1, 97),
	(1349, 4, 3067, 1, 97),
	(1350, 4, 3068, 1, 97),
	(1351, 4, 3029, 1, 97),
	(1352, 4, 3030, 1, 97),
	(1353, 4, 3074, 1, 97),
	(1354, 4, 3075, 1, 97),
	(1355, 4, 3042, 1, 97),
	(1356, 4, 3078, 1, 97),
	(1357, 4, 3023, 1, 98),
	(1358, 4, 3029, 1, 98),
	(1359, 4, 3021, 1, 99),
	(1360, 4, 3022, 1, 99),
	(1361, 4, 3062, 1, 99),
	(1362, 4, 3063, 1, 99),
	(1363, 4, 3045, 1, 99),
	(1364, 4, 3050, 1, 99),
	(1365, 4, 3024, 1, 99),
	(1366, 4, 3025, 1, 99),
	(1367, 4, 3028, 1, 99),
	(1368, 4, 3029, 1, 99),
	(1369, 4, 3057, 1, 99),
	(1370, 4, 3030, 1, 99),
	(1371, 4, 3042, 1, 99),
	(1372, 4, 3078, 1, 99),
	(1373, 4, 3079, 1, 99),
	(1374, 4, 3021, 1, 100),
	(1375, 4, 3048, 0, 11),
	(1376, 4, 3060, 0, 11),
	(1377, 4, 3022, 0, 11),
	(1378, 4, 3044, 0, 11),
	(1379, 4, 3061, 0, 11),
	(1380, 4, 3063, 0, 11),
	(1381, 4, 3024, 0, 11),
	(1382, 4, 3065, 0, 11),
	(1383, 4, 3069, 0, 11),
	(1384, 4, 3057, 0, 11),
	(1385, 4, 3039, 0, 11),
	(1386, 4, 3079, 0, 11),
	(1387, 4, 3047, 0, 12),
	(1388, 4, 3048, 0, 12),
	(1389, 4, 3060, 0, 12),
	(1390, 4, 3022, 0, 12),
	(1391, 4, 3044, 0, 12),
	(1392, 4, 3063, 0, 12),
	(1393, 4, 3065, 0, 12),
	(1394, 4, 3066, 0, 12),
	(1395, 4, 3067, 0, 12),
	(1396, 4, 3069, 0, 12),
	(1397, 4, 3057, 0, 12),
	(1398, 4, 3038, 0, 12),
	(1399, 4, 3039, 0, 12),
	(1400, 4, 3079, 0, 12),
	(1401, 4, 3081, 0, 12),
	(1402, 4, 3044, 0, 13),
	(1403, 4, 3051, 0, 13),
	(1404, 4, 3052, 0, 13),
	(1405, 4, 3056, 0, 13),
	(1406, 4, 3048, 0, 14),
	(1407, 4, 3062, 0, 14),
	(1408, 4, 3044, 0, 14),
	(1409, 4, 3063, 0, 14),
	(1410, 4, 3022, 0, 14),
	(1411, 4, 3065, 0, 14),
	(1412, 4, 3066, 0, 14),
	(1413, 4, 3067, 0, 14),
	(1414, 4, 3069, 0, 14),
	(1415, 4, 3057, 0, 14),
	(1416, 4, 3038, 0, 14),
	(1417, 4, 3079, 0, 14),
	(1418, 4, 3086, 0, 15),
	(1419, 4, 3043, 0, 15),
	(1420, 4, 3060, 0, 15),
	(1421, 4, 3022, 0, 15),
	(1422, 4, 3044, 0, 15),
	(1423, 4, 3063, 0, 15),
	(1424, 4, 3065, 0, 15),
	(1425, 4, 3066, 0, 15),
	(1426, 4, 3067, 0, 15),
	(1427, 4, 3072, 0, 15),
	(1428, 4, 3034, 0, 15),
	(1429, 4, 3035, 0, 15),
	(1430, 4, 3041, 0, 15),
	(1431, 4, 3179, 1, 101),
	(1432, 4, 3180, 1, 101),
	(1433, 4, 3220, 1, 101),
	(1434, 4, 3221, 1, 101),
	(1435, 4, 3203, 1, 101),
	(1436, 4, 3208, 1, 101),
	(1437, 4, 3182, 1, 101),
	(1438, 4, 3183, 1, 101),
	(1439, 4, 3186, 1, 101),
	(1440, 4, 3187, 1, 101),
	(1441, 4, 3215, 1, 101),
	(1442, 4, 3188, 1, 101),
	(1443, 4, 3200, 1, 101),
	(1444, 4, 3236, 1, 101),
	(1445, 4, 3237, 1, 101),
	(1446, 4, 3181, 1, 102),
	(1447, 4, 3183, 1, 102),
	(1448, 4, 3212, 1, 102),
	(1449, 4, 3227, 1, 102),
	(1450, 4, 3187, 1, 102),
	(1451, 4, 3229, 1, 102),
	(1452, 4, 3231, 1, 102),
	(1453, 4, 3232, 1, 102),
	(1454, 4, 3200, 1, 102),
	(1455, 4, 3236, 1, 102),
	(1456, 4, 3207, 1, 103),
	(1457, 4, 3208, 1, 103),
	(1458, 4, 3183, 1, 103),
	(1459, 4, 3227, 1, 103),
	(1460, 4, 3187, 1, 103),
	(1461, 4, 3228, 1, 103),
	(1462, 4, 3234, 1, 103),
	(1463, 4, 3198, 1, 103),
	(1464, 4, 3200, 1, 103),
	(1465, 4, 3235, 1, 103),
	(1466, 4, 3236, 1, 103),
	(1467, 4, 3181, 1, 104),
	(1468, 4, 3183, 1, 104),
	(1469, 4, 3224, 1, 104),
	(1470, 4, 3225, 1, 104),
	(1471, 4, 3226, 1, 104),
	(1472, 4, 3187, 1, 104),
	(1473, 4, 3188, 1, 104),
	(1474, 4, 3232, 1, 104),
	(1475, 4, 3233, 1, 104),
	(1476, 4, 3200, 1, 104),
	(1477, 4, 3236, 1, 104),
	(1478, 4, 3181, 1, 105),
	(1479, 4, 3187, 1, 105),
	(1480, 4, 3179, 1, 106),
	(1481, 4, 3180, 1, 106),
	(1482, 4, 3220, 1, 106),
	(1483, 4, 3221, 1, 106),
	(1484, 4, 3203, 1, 106),
	(1485, 4, 3208, 1, 106),
	(1486, 4, 3182, 1, 106),
	(1487, 4, 3183, 1, 106),
	(1488, 4, 3186, 1, 106),
	(1489, 4, 3187, 1, 106),
	(1490, 4, 3215, 1, 106),
	(1491, 4, 3188, 1, 106),
	(1492, 4, 3200, 1, 106),
	(1493, 4, 3236, 1, 106),
	(1494, 4, 3237, 1, 106),
	(1495, 4, 3179, 1, 107),
	(1496, 4, 3206, 0, 11),
	(1497, 4, 3218, 0, 11),
	(1498, 4, 3180, 0, 11),
	(1499, 4, 3202, 0, 11),
	(1500, 4, 3219, 0, 11),
	(1501, 4, 3221, 0, 11),
	(1502, 4, 3182, 0, 11),
	(1503, 4, 3223, 0, 11),
	(1504, 4, 3227, 0, 11),
	(1505, 4, 3215, 0, 11),
	(1506, 4, 3197, 0, 11),
	(1507, 4, 3237, 0, 11),
	(1508, 4, 3205, 0, 12),
	(1509, 4, 3206, 0, 12),
	(1510, 4, 3218, 0, 12),
	(1511, 4, 3180, 0, 12),
	(1512, 4, 3202, 0, 12),
	(1513, 4, 3221, 0, 12),
	(1514, 4, 3223, 0, 12),
	(1515, 4, 3224, 0, 12),
	(1516, 4, 3225, 0, 12),
	(1517, 4, 3227, 0, 12),
	(1518, 4, 3215, 0, 12),
	(1519, 4, 3196, 0, 12),
	(1520, 4, 3197, 0, 12),
	(1521, 4, 3237, 0, 12),
	(1522, 4, 3239, 0, 12),
	(1523, 4, 3202, 0, 13),
	(1524, 4, 3209, 0, 13),
	(1525, 4, 3210, 0, 13),
	(1526, 4, 3214, 0, 13),
	(1527, 4, 3206, 0, 14),
	(1528, 4, 3220, 0, 14),
	(1529, 4, 3202, 0, 14),
	(1530, 4, 3221, 0, 14),
	(1531, 4, 3180, 0, 14),
	(1532, 4, 3223, 0, 14),
	(1533, 4, 3224, 0, 14),
	(1534, 4, 3225, 0, 14),
	(1535, 4, 3227, 0, 14),
	(1536, 4, 3215, 0, 14),
	(1537, 4, 3196, 0, 14),
	(1538, 4, 3237, 0, 14),
	(1539, 4, 3244, 0, 15),
	(1540, 4, 3201, 0, 15),
	(1541, 4, 3218, 0, 15),
	(1542, 4, 3180, 0, 15),
	(1543, 4, 3202, 0, 15),
	(1544, 4, 3221, 0, 15),
	(1545, 4, 3223, 0, 15),
	(1546, 4, 3224, 0, 15),
	(1547, 4, 3225, 0, 15),
	(1548, 4, 3230, 0, 15),
	(1549, 4, 3192, 0, 15),
	(1550, 4, 3193, 0, 15),
	(1551, 4, 3199, 0, 15),
	(1552, 4, 3337, 1, 108),
	(1553, 4, 3338, 1, 108),
	(1554, 4, 3378, 1, 108),
	(1555, 4, 3379, 1, 108),
	(1556, 4, 3361, 1, 108),
	(1557, 4, 3366, 1, 108),
	(1558, 4, 3340, 1, 108),
	(1559, 4, 3341, 1, 108),
	(1560, 4, 3344, 1, 108),
	(1561, 4, 3345, 1, 108),
	(1562, 4, 3373, 1, 108),
	(1563, 4, 3346, 1, 108),
	(1564, 4, 3358, 1, 108),
	(1565, 4, 3394, 1, 108),
	(1566, 4, 3395, 1, 108),
	(1567, 4, 3339, 1, 109),
	(1568, 4, 3341, 1, 109),
	(1569, 4, 3370, 1, 109),
	(1570, 4, 3385, 1, 109),
	(1571, 4, 3345, 1, 109),
	(1572, 4, 3387, 1, 109),
	(1573, 4, 3389, 1, 109),
	(1574, 4, 3390, 1, 109),
	(1575, 4, 3358, 1, 109),
	(1576, 4, 3394, 1, 109),
	(1577, 4, 3365, 1, 110),
	(1578, 4, 3366, 1, 110),
	(1579, 4, 3341, 1, 110),
	(1580, 4, 3385, 1, 110),
	(1581, 4, 3345, 1, 110),
	(1582, 4, 3386, 1, 110),
	(1583, 4, 3392, 1, 110),
	(1584, 4, 3356, 1, 110),
	(1585, 4, 3358, 1, 110),
	(1586, 4, 3393, 1, 110),
	(1587, 4, 3394, 1, 110),
	(1588, 4, 3339, 1, 111),
	(1589, 4, 3341, 1, 111),
	(1590, 4, 3382, 1, 111),
	(1591, 4, 3383, 1, 111),
	(1592, 4, 3384, 1, 111),
	(1593, 4, 3345, 1, 111),
	(1594, 4, 3346, 1, 111),
	(1595, 4, 3390, 1, 111),
	(1596, 4, 3391, 1, 111),
	(1597, 4, 3358, 1, 111),
	(1598, 4, 3394, 1, 111),
	(1599, 4, 3339, 1, 112),
	(1600, 4, 3345, 1, 112),
	(1601, 4, 3337, 1, 113),
	(1602, 4, 3338, 1, 113),
	(1603, 4, 3378, 1, 113),
	(1604, 4, 3379, 1, 113),
	(1605, 4, 3361, 1, 113),
	(1606, 4, 3366, 1, 113),
	(1607, 4, 3340, 1, 113),
	(1608, 4, 3341, 1, 113),
	(1609, 4, 3344, 1, 113),
	(1610, 4, 3345, 1, 113),
	(1611, 4, 3373, 1, 113),
	(1612, 4, 3346, 1, 113),
	(1613, 4, 3358, 1, 113),
	(1614, 4, 3394, 1, 113),
	(1615, 4, 3395, 1, 113),
	(1616, 4, 3337, 1, 114),
	(1617, 4, 3364, 0, 11),
	(1618, 4, 3376, 0, 11),
	(1619, 4, 3338, 0, 11),
	(1620, 4, 3360, 0, 11),
	(1621, 4, 3377, 0, 11),
	(1622, 4, 3379, 0, 11),
	(1623, 4, 3340, 0, 11),
	(1624, 4, 3381, 0, 11),
	(1625, 4, 3385, 0, 11),
	(1626, 4, 3373, 0, 11),
	(1627, 4, 3355, 0, 11),
	(1628, 4, 3395, 0, 11),
	(1629, 4, 3363, 0, 12),
	(1630, 4, 3364, 0, 12),
	(1631, 4, 3376, 0, 12),
	(1632, 4, 3338, 0, 12),
	(1633, 4, 3360, 0, 12),
	(1634, 4, 3379, 0, 12),
	(1635, 4, 3381, 0, 12),
	(1636, 4, 3382, 0, 12),
	(1637, 4, 3383, 0, 12),
	(1638, 4, 3385, 0, 12),
	(1639, 4, 3373, 0, 12),
	(1640, 4, 3354, 0, 12),
	(1641, 4, 3355, 0, 12),
	(1642, 4, 3395, 0, 12),
	(1643, 4, 3397, 0, 12),
	(1644, 4, 3360, 0, 13),
	(1645, 4, 3367, 0, 13),
	(1646, 4, 3368, 0, 13),
	(1647, 4, 3372, 0, 13),
	(1648, 4, 3364, 0, 14),
	(1649, 4, 3378, 0, 14),
	(1650, 4, 3360, 0, 14),
	(1651, 4, 3379, 0, 14),
	(1652, 4, 3338, 0, 14),
	(1653, 4, 3381, 0, 14),
	(1654, 4, 3382, 0, 14),
	(1655, 4, 3383, 0, 14),
	(1656, 4, 3385, 0, 14),
	(1657, 4, 3373, 0, 14),
	(1658, 4, 3354, 0, 14),
	(1659, 4, 3395, 0, 14),
	(1660, 4, 3402, 0, 15),
	(1661, 4, 3359, 0, 15),
	(1662, 4, 3376, 0, 15),
	(1663, 4, 3338, 0, 15),
	(1664, 4, 3360, 0, 15),
	(1665, 4, 3379, 0, 15),
	(1666, 4, 3381, 0, 15),
	(1667, 4, 3382, 0, 15),
	(1668, 4, 3383, 0, 15),
	(1669, 4, 3388, 0, 15),
	(1670, 4, 3350, 0, 15),
	(1671, 4, 3351, 0, 15),
	(1672, 4, 3357, 0, 15),
	(1673, 4, 3495, 1, 115),
	(1674, 4, 3496, 1, 115),
	(1675, 4, 3536, 1, 115),
	(1676, 4, 3537, 1, 115),
	(1677, 4, 3519, 1, 115),
	(1678, 4, 3524, 1, 115),
	(1679, 4, 3498, 1, 115),
	(1680, 4, 3499, 1, 115),
	(1681, 4, 3502, 1, 115),
	(1682, 4, 3503, 1, 115),
	(1683, 4, 3531, 1, 115),
	(1684, 4, 3504, 1, 115),
	(1685, 4, 3516, 1, 115),
	(1686, 4, 3552, 1, 115),
	(1687, 4, 3553, 1, 115),
	(1688, 4, 3497, 1, 116),
	(1689, 4, 3499, 1, 116),
	(1690, 4, 3528, 1, 116),
	(1691, 4, 3543, 1, 116),
	(1692, 4, 3503, 1, 116),
	(1693, 4, 3545, 1, 116),
	(1694, 4, 3547, 1, 116),
	(1695, 4, 3548, 1, 116),
	(1696, 4, 3516, 1, 116),
	(1697, 4, 3552, 1, 116),
	(1698, 4, 3523, 1, 117),
	(1699, 4, 3524, 1, 117),
	(1700, 4, 3499, 1, 117),
	(1701, 4, 3543, 1, 117),
	(1702, 4, 3503, 1, 117),
	(1703, 4, 3544, 1, 117),
	(1704, 4, 3550, 1, 117),
	(1705, 4, 3514, 1, 117),
	(1706, 4, 3516, 1, 117),
	(1707, 4, 3551, 1, 117),
	(1708, 4, 3552, 1, 117),
	(1709, 4, 3497, 1, 118),
	(1710, 4, 3499, 1, 118),
	(1711, 4, 3540, 1, 118),
	(1712, 4, 3541, 1, 118),
	(1713, 4, 3542, 1, 118),
	(1714, 4, 3503, 1, 118),
	(1715, 4, 3504, 1, 118),
	(1716, 4, 3548, 1, 118),
	(1717, 4, 3549, 1, 118),
	(1718, 4, 3516, 1, 118),
	(1719, 4, 3552, 1, 118),
	(1720, 4, 3497, 1, 119),
	(1721, 4, 3503, 1, 119),
	(1722, 4, 3495, 1, 120),
	(1723, 4, 3496, 1, 120),
	(1724, 4, 3536, 1, 120),
	(1725, 4, 3537, 1, 120),
	(1726, 4, 3519, 1, 120),
	(1727, 4, 3524, 1, 120),
	(1728, 4, 3498, 1, 120),
	(1729, 4, 3499, 1, 120),
	(1730, 4, 3502, 1, 120),
	(1731, 4, 3503, 1, 120),
	(1732, 4, 3531, 1, 120),
	(1733, 4, 3504, 1, 120),
	(1734, 4, 3516, 1, 120),
	(1735, 4, 3552, 1, 120),
	(1736, 4, 3553, 1, 120),
	(1737, 4, 3495, 1, 121),
	(1738, 4, 3522, 0, 11),
	(1739, 4, 3534, 0, 11),
	(1740, 4, 3496, 0, 11),
	(1741, 4, 3518, 0, 11),
	(1742, 4, 3535, 0, 11),
	(1743, 4, 3537, 0, 11),
	(1744, 4, 3498, 0, 11),
	(1745, 4, 3539, 0, 11),
	(1746, 4, 3543, 0, 11),
	(1747, 4, 3531, 0, 11),
	(1748, 4, 3513, 0, 11),
	(1749, 4, 3553, 0, 11),
	(1750, 4, 3521, 0, 12),
	(1751, 4, 3522, 0, 12),
	(1752, 4, 3534, 0, 12),
	(1753, 4, 3496, 0, 12),
	(1754, 4, 3518, 0, 12),
	(1755, 4, 3537, 0, 12),
	(1756, 4, 3539, 0, 12),
	(1757, 4, 3540, 0, 12),
	(1758, 4, 3541, 0, 12),
	(1759, 4, 3543, 0, 12),
	(1760, 4, 3531, 0, 12),
	(1761, 4, 3512, 0, 12),
	(1762, 4, 3513, 0, 12),
	(1763, 4, 3553, 0, 12),
	(1764, 4, 3555, 0, 12),
	(1765, 4, 3518, 0, 13),
	(1766, 4, 3525, 0, 13),
	(1767, 4, 3526, 0, 13),
	(1768, 4, 3530, 0, 13),
	(1769, 4, 3522, 0, 14),
	(1770, 4, 3536, 0, 14),
	(1771, 4, 3518, 0, 14),
	(1772, 4, 3537, 0, 14),
	(1773, 4, 3496, 0, 14),
	(1774, 4, 3539, 0, 14),
	(1775, 4, 3540, 0, 14),
	(1776, 4, 3541, 0, 14),
	(1777, 4, 3543, 0, 14),
	(1778, 4, 3531, 0, 14),
	(1779, 4, 3512, 0, 14),
	(1780, 4, 3553, 0, 14),
	(1781, 4, 3560, 0, 15),
	(1782, 4, 3517, 0, 15),
	(1783, 4, 3534, 0, 15),
	(1784, 4, 3496, 0, 15),
	(1785, 4, 3518, 0, 15),
	(1786, 4, 3537, 0, 15),
	(1787, 4, 3539, 0, 15),
	(1788, 4, 3540, 0, 15),
	(1789, 4, 3541, 0, 15),
	(1790, 4, 3546, 0, 15),
	(1791, 4, 3508, 0, 15),
	(1792, 4, 3509, 0, 15),
	(1793, 4, 3515, 0, 15),
	(1794, 4, 3653, 1, 122),
	(1795, 4, 3654, 1, 122),
	(1796, 4, 3694, 1, 122),
	(1797, 4, 3695, 1, 122),
	(1798, 4, 3677, 1, 122),
	(1799, 4, 3682, 1, 122),
	(1800, 4, 3656, 1, 122),
	(1801, 4, 3657, 1, 122),
	(1802, 4, 3660, 1, 122),
	(1803, 4, 3661, 1, 122),
	(1804, 4, 3689, 1, 122),
	(1805, 4, 3662, 1, 122),
	(1806, 4, 3674, 1, 122),
	(1807, 4, 3710, 1, 122),
	(1808, 4, 3711, 1, 122),
	(1809, 4, 3655, 1, 123),
	(1810, 4, 3657, 1, 123),
	(1811, 4, 3686, 1, 123),
	(1812, 4, 3701, 1, 123),
	(1813, 4, 3661, 1, 123),
	(1814, 4, 3703, 1, 123),
	(1815, 4, 3705, 1, 123),
	(1816, 4, 3706, 1, 123),
	(1817, 4, 3674, 1, 123),
	(1818, 4, 3710, 1, 123),
	(1819, 4, 3681, 1, 124),
	(1820, 4, 3682, 1, 124),
	(1821, 4, 3657, 1, 124),
	(1822, 4, 3701, 1, 124),
	(1823, 4, 3661, 1, 124),
	(1824, 4, 3702, 1, 124),
	(1825, 4, 3708, 1, 124),
	(1826, 4, 3672, 1, 124),
	(1827, 4, 3674, 1, 124),
	(1828, 4, 3709, 1, 124),
	(1829, 4, 3710, 1, 124),
	(1830, 4, 3655, 1, 125),
	(1831, 4, 3657, 1, 125),
	(1832, 4, 3698, 1, 125),
	(1833, 4, 3699, 1, 125),
	(1834, 4, 3700, 1, 125),
	(1835, 4, 3661, 1, 125),
	(1836, 4, 3662, 1, 125),
	(1837, 4, 3706, 1, 125),
	(1838, 4, 3707, 1, 125),
	(1839, 4, 3674, 1, 125),
	(1840, 4, 3710, 1, 125),
	(1841, 4, 3655, 1, 126),
	(1842, 4, 3661, 1, 126),
	(1843, 4, 3653, 1, 127),
	(1844, 4, 3654, 1, 127),
	(1845, 4, 3694, 1, 127),
	(1846, 4, 3695, 1, 127),
	(1847, 4, 3677, 1, 127),
	(1848, 4, 3682, 1, 127),
	(1849, 4, 3656, 1, 127),
	(1850, 4, 3657, 1, 127),
	(1851, 4, 3660, 1, 127),
	(1852, 4, 3661, 1, 127),
	(1853, 4, 3689, 1, 127),
	(1854, 4, 3662, 1, 127),
	(1855, 4, 3674, 1, 127),
	(1856, 4, 3710, 1, 127),
	(1857, 4, 3711, 1, 127),
	(1858, 4, 3653, 1, 128),
	(1859, 4, 3680, 0, 11),
	(1860, 4, 3692, 0, 11),
	(1861, 4, 3654, 0, 11),
	(1862, 4, 3676, 0, 11),
	(1863, 4, 3693, 0, 11),
	(1864, 4, 3695, 0, 11),
	(1865, 4, 3656, 0, 11),
	(1866, 4, 3697, 0, 11),
	(1867, 4, 3701, 0, 11),
	(1868, 4, 3689, 0, 11),
	(1869, 4, 3671, 0, 11),
	(1870, 4, 3711, 0, 11),
	(1871, 4, 3679, 0, 12),
	(1872, 4, 3680, 0, 12),
	(1873, 4, 3692, 0, 12),
	(1874, 4, 3654, 0, 12),
	(1875, 4, 3676, 0, 12),
	(1876, 4, 3695, 0, 12),
	(1877, 4, 3697, 0, 12),
	(1878, 4, 3698, 0, 12),
	(1879, 4, 3699, 0, 12),
	(1880, 4, 3701, 0, 12),
	(1881, 4, 3689, 0, 12),
	(1882, 4, 3670, 0, 12),
	(1883, 4, 3671, 0, 12),
	(1884, 4, 3711, 0, 12),
	(1885, 4, 3713, 0, 12),
	(1886, 4, 3676, 0, 13),
	(1887, 4, 3683, 0, 13),
	(1888, 4, 3684, 0, 13),
	(1889, 4, 3688, 0, 13),
	(1890, 4, 3680, 0, 14),
	(1891, 4, 3694, 0, 14),
	(1892, 4, 3676, 0, 14),
	(1893, 4, 3695, 0, 14),
	(1894, 4, 3654, 0, 14),
	(1895, 4, 3697, 0, 14),
	(1896, 4, 3698, 0, 14),
	(1897, 4, 3699, 0, 14),
	(1898, 4, 3701, 0, 14),
	(1899, 4, 3689, 0, 14),
	(1900, 4, 3670, 0, 14),
	(1901, 4, 3711, 0, 14),
	(1902, 4, 3718, 0, 15),
	(1903, 4, 3675, 0, 15),
	(1904, 4, 3692, 0, 15),
	(1905, 4, 3654, 0, 15),
	(1906, 4, 3676, 0, 15),
	(1907, 4, 3695, 0, 15),
	(1908, 4, 3697, 0, 15),
	(1909, 4, 3698, 0, 15),
	(1910, 4, 3699, 0, 15),
	(1911, 4, 3704, 0, 15),
	(1912, 4, 3666, 0, 15),
	(1913, 4, 3667, 0, 15),
	(1914, 4, 3673, 0, 15),
	(1915, 4, 3811, 1, 129),
	(1916, 4, 3812, 1, 129),
	(1917, 4, 3852, 1, 129),
	(1918, 4, 3853, 1, 129),
	(1919, 4, 3835, 1, 129),
	(1920, 4, 3840, 1, 129),
	(1921, 4, 3814, 1, 129),
	(1922, 4, 3815, 1, 129),
	(1923, 4, 3818, 1, 129),
	(1924, 4, 3819, 1, 129),
	(1925, 4, 3847, 1, 129),
	(1926, 4, 3820, 1, 129),
	(1927, 4, 3832, 1, 129),
	(1928, 4, 3868, 1, 129),
	(1929, 4, 3869, 1, 129),
	(1930, 4, 3813, 1, 130),
	(1931, 4, 3815, 1, 130),
	(1932, 4, 3844, 1, 130),
	(1933, 4, 3859, 1, 130),
	(1934, 4, 3819, 1, 130),
	(1935, 4, 3861, 1, 130),
	(1936, 4, 3863, 1, 130),
	(1937, 4, 3864, 1, 130),
	(1938, 4, 3832, 1, 130),
	(1939, 4, 3868, 1, 130),
	(1940, 4, 3839, 1, 131),
	(1941, 4, 3840, 1, 131),
	(1942, 4, 3815, 1, 131),
	(1943, 4, 3859, 1, 131),
	(1944, 4, 3819, 1, 131),
	(1945, 4, 3860, 1, 131),
	(1946, 4, 3866, 1, 131),
	(1947, 4, 3830, 1, 131),
	(1948, 4, 3832, 1, 131),
	(1949, 4, 3867, 1, 131),
	(1950, 4, 3868, 1, 131),
	(1951, 4, 3813, 1, 132),
	(1952, 4, 3815, 1, 132),
	(1953, 4, 3856, 1, 132),
	(1954, 4, 3857, 1, 132),
	(1955, 4, 3858, 1, 132),
	(1956, 4, 3819, 1, 132),
	(1957, 4, 3820, 1, 132),
	(1958, 4, 3864, 1, 132),
	(1959, 4, 3865, 1, 132),
	(1960, 4, 3832, 1, 132),
	(1961, 4, 3868, 1, 132),
	(1962, 4, 3813, 1, 133),
	(1963, 4, 3819, 1, 133),
	(1964, 4, 3811, 1, 134),
	(1965, 4, 3812, 1, 134),
	(1966, 4, 3852, 1, 134),
	(1967, 4, 3853, 1, 134),
	(1968, 4, 3835, 1, 134),
	(1969, 4, 3840, 1, 134),
	(1970, 4, 3814, 1, 134),
	(1971, 4, 3815, 1, 134),
	(1972, 4, 3818, 1, 134),
	(1973, 4, 3819, 1, 134),
	(1974, 4, 3847, 1, 134),
	(1975, 4, 3820, 1, 134),
	(1976, 4, 3832, 1, 134),
	(1977, 4, 3868, 1, 134),
	(1978, 4, 3869, 1, 134),
	(1979, 4, 3811, 1, 135),
	(1980, 4, 3838, 0, 11),
	(1981, 4, 3850, 0, 11),
	(1982, 4, 3812, 0, 11),
	(1983, 4, 3834, 0, 11),
	(1984, 4, 3851, 0, 11),
	(1985, 4, 3853, 0, 11),
	(1986, 4, 3814, 0, 11),
	(1987, 4, 3855, 0, 11),
	(1988, 4, 3859, 0, 11),
	(1989, 4, 3847, 0, 11),
	(1990, 4, 3829, 0, 11),
	(1991, 4, 3869, 0, 11),
	(1992, 4, 3837, 0, 12),
	(1993, 4, 3838, 0, 12),
	(1994, 4, 3850, 0, 12),
	(1995, 4, 3812, 0, 12),
	(1996, 4, 3834, 0, 12),
	(1997, 4, 3853, 0, 12),
	(1998, 4, 3855, 0, 12),
	(1999, 4, 3856, 0, 12),
	(2000, 4, 3857, 0, 12),
	(2001, 4, 3859, 0, 12),
	(2002, 4, 3847, 0, 12),
	(2003, 4, 3828, 0, 12),
	(2004, 4, 3829, 0, 12),
	(2005, 4, 3869, 0, 12),
	(2006, 4, 3871, 0, 12),
	(2007, 4, 3834, 0, 13),
	(2008, 4, 3841, 0, 13),
	(2009, 4, 3842, 0, 13),
	(2010, 4, 3846, 0, 13),
	(2011, 4, 3838, 0, 14),
	(2012, 4, 3852, 0, 14),
	(2013, 4, 3834, 0, 14),
	(2014, 4, 3853, 0, 14),
	(2015, 4, 3812, 0, 14),
	(2016, 4, 3855, 0, 14),
	(2017, 4, 3856, 0, 14),
	(2018, 4, 3857, 0, 14),
	(2019, 4, 3859, 0, 14),
	(2020, 4, 3847, 0, 14),
	(2021, 4, 3828, 0, 14),
	(2022, 4, 3869, 0, 14),
	(2023, 4, 3876, 0, 15),
	(2024, 4, 3833, 0, 15),
	(2025, 4, 3850, 0, 15),
	(2026, 4, 3812, 0, 15),
	(2027, 4, 3834, 0, 15),
	(2028, 4, 3853, 0, 15),
	(2029, 4, 3855, 0, 15),
	(2030, 4, 3856, 0, 15),
	(2031, 4, 3857, 0, 15),
	(2032, 4, 3862, 0, 15),
	(2033, 4, 3824, 0, 15),
	(2034, 4, 3825, 0, 15),
	(2035, 4, 3831, 0, 15),
	(2036, 4, 3969, 1, 136),
	(2037, 4, 3970, 1, 136),
	(2038, 4, 4010, 1, 136),
	(2039, 4, 4011, 1, 136),
	(2040, 4, 3993, 1, 136),
	(2041, 4, 3998, 1, 136),
	(2042, 4, 3972, 1, 136),
	(2043, 4, 3973, 1, 136),
	(2044, 4, 3976, 1, 136),
	(2045, 4, 3977, 1, 136),
	(2046, 4, 4005, 1, 136),
	(2047, 4, 3978, 1, 136),
	(2048, 4, 3990, 1, 136),
	(2049, 4, 4026, 1, 136),
	(2050, 4, 4027, 1, 136),
	(2051, 4, 3971, 1, 137),
	(2052, 4, 3973, 1, 137),
	(2053, 4, 4002, 1, 137),
	(2054, 4, 4017, 1, 137),
	(2055, 4, 3977, 1, 137),
	(2056, 4, 4019, 1, 137),
	(2057, 4, 4021, 1, 137),
	(2058, 4, 4022, 1, 137),
	(2059, 4, 3990, 1, 137),
	(2060, 4, 4026, 1, 137),
	(2061, 4, 3997, 1, 138),
	(2062, 4, 3998, 1, 138),
	(2063, 4, 3973, 1, 138),
	(2064, 4, 4017, 1, 138),
	(2065, 4, 3977, 1, 138),
	(2066, 4, 4018, 1, 138),
	(2067, 4, 4024, 1, 138),
	(2068, 4, 3988, 1, 138),
	(2069, 4, 3990, 1, 138),
	(2070, 4, 4025, 1, 138),
	(2071, 4, 4026, 1, 138),
	(2072, 4, 3971, 1, 139),
	(2073, 4, 3973, 1, 139),
	(2074, 4, 4014, 1, 139),
	(2075, 4, 4015, 1, 139),
	(2076, 4, 4016, 1, 139),
	(2077, 4, 3977, 1, 139),
	(2078, 4, 3978, 1, 139),
	(2079, 4, 4022, 1, 139),
	(2080, 4, 4023, 1, 139),
	(2081, 4, 3990, 1, 139),
	(2082, 4, 4026, 1, 139),
	(2083, 4, 3971, 1, 140),
	(2084, 4, 3977, 1, 140),
	(2085, 4, 3969, 1, 141),
	(2086, 4, 3970, 1, 141),
	(2087, 4, 4010, 1, 141),
	(2088, 4, 4011, 1, 141),
	(2089, 4, 3993, 1, 141),
	(2090, 4, 3998, 1, 141),
	(2091, 4, 3972, 1, 141),
	(2092, 4, 3973, 1, 141),
	(2093, 4, 3976, 1, 141),
	(2094, 4, 3977, 1, 141),
	(2095, 4, 4005, 1, 141),
	(2096, 4, 3978, 1, 141),
	(2097, 4, 3990, 1, 141),
	(2098, 4, 4026, 1, 141),
	(2099, 4, 4027, 1, 141),
	(2100, 4, 3969, 1, 142),
	(2101, 4, 3996, 0, 11),
	(2102, 4, 4008, 0, 11),
	(2103, 4, 3970, 0, 11),
	(2104, 4, 3992, 0, 11),
	(2105, 4, 4009, 0, 11),
	(2106, 4, 4011, 0, 11),
	(2107, 4, 3972, 0, 11),
	(2108, 4, 4013, 0, 11),
	(2109, 4, 4017, 0, 11),
	(2110, 4, 4005, 0, 11),
	(2111, 4, 3987, 0, 11),
	(2112, 4, 4027, 0, 11),
	(2113, 4, 3995, 0, 12),
	(2114, 4, 3996, 0, 12),
	(2115, 4, 4008, 0, 12),
	(2116, 4, 3970, 0, 12),
	(2117, 4, 3992, 0, 12),
	(2118, 4, 4011, 0, 12),
	(2119, 4, 4013, 0, 12),
	(2120, 4, 4014, 0, 12),
	(2121, 4, 4015, 0, 12),
	(2122, 4, 4017, 0, 12),
	(2123, 4, 4005, 0, 12),
	(2124, 4, 3986, 0, 12),
	(2125, 4, 3987, 0, 12),
	(2126, 4, 4027, 0, 12),
	(2127, 4, 4029, 0, 12),
	(2128, 4, 3992, 0, 13),
	(2129, 4, 3999, 0, 13),
	(2130, 4, 4000, 0, 13),
	(2131, 4, 4004, 0, 13),
	(2132, 4, 3996, 0, 14),
	(2133, 4, 4010, 0, 14),
	(2134, 4, 3992, 0, 14),
	(2135, 4, 4011, 0, 14),
	(2136, 4, 3970, 0, 14),
	(2137, 4, 4013, 0, 14),
	(2138, 4, 4014, 0, 14),
	(2139, 4, 4015, 0, 14),
	(2140, 4, 4017, 0, 14),
	(2141, 4, 4005, 0, 14),
	(2142, 4, 3986, 0, 14),
	(2143, 4, 4027, 0, 14),
	(2144, 4, 4034, 0, 15),
	(2145, 4, 3991, 0, 15),
	(2146, 4, 4008, 0, 15),
	(2147, 4, 3970, 0, 15),
	(2148, 4, 3992, 0, 15),
	(2149, 4, 4011, 0, 15),
	(2150, 4, 4013, 0, 15),
	(2151, 4, 4014, 0, 15),
	(2152, 4, 4015, 0, 15),
	(2153, 4, 4020, 0, 15),
	(2154, 4, 3982, 0, 15),
	(2155, 4, 3983, 0, 15),
	(2156, 4, 3989, 0, 15),
	(2157, 4, 4127, 1, 143),
	(2158, 4, 4128, 1, 143),
	(2159, 4, 4168, 1, 143),
	(2160, 4, 4169, 1, 143),
	(2161, 4, 4151, 1, 143),
	(2162, 4, 4156, 1, 143),
	(2163, 4, 4130, 1, 143),
	(2164, 4, 4131, 1, 143),
	(2165, 4, 4134, 1, 143),
	(2166, 4, 4135, 1, 143),
	(2167, 4, 4163, 1, 143),
	(2168, 4, 4136, 1, 143),
	(2169, 4, 4148, 1, 143),
	(2170, 4, 4184, 1, 143),
	(2171, 4, 4185, 1, 143),
	(2172, 4, 4129, 1, 144),
	(2173, 4, 4131, 1, 144),
	(2174, 4, 4160, 1, 144),
	(2175, 4, 4175, 1, 144),
	(2176, 4, 4135, 1, 144),
	(2177, 4, 4177, 1, 144),
	(2178, 4, 4179, 1, 144),
	(2179, 4, 4180, 1, 144),
	(2180, 4, 4148, 1, 144),
	(2181, 4, 4184, 1, 144),
	(2182, 4, 4155, 1, 145),
	(2183, 4, 4156, 1, 145),
	(2184, 4, 4131, 1, 145),
	(2185, 4, 4175, 1, 145),
	(2186, 4, 4135, 1, 145),
	(2187, 4, 4176, 1, 145),
	(2188, 4, 4182, 1, 145),
	(2189, 4, 4146, 1, 145),
	(2190, 4, 4148, 1, 145),
	(2191, 4, 4183, 1, 145),
	(2192, 4, 4184, 1, 145),
	(2193, 4, 4129, 1, 146),
	(2194, 4, 4131, 1, 146),
	(2195, 4, 4172, 1, 146),
	(2196, 4, 4173, 1, 146),
	(2197, 4, 4174, 1, 146),
	(2198, 4, 4135, 1, 146),
	(2199, 4, 4136, 1, 146),
	(2200, 4, 4180, 1, 146),
	(2201, 4, 4181, 1, 146),
	(2202, 4, 4148, 1, 146),
	(2203, 4, 4184, 1, 146),
	(2204, 4, 4129, 1, 147),
	(2205, 4, 4135, 1, 147),
	(2206, 4, 4127, 1, 148),
	(2207, 4, 4128, 1, 148),
	(2208, 4, 4168, 1, 148),
	(2209, 4, 4169, 1, 148),
	(2210, 4, 4151, 1, 148),
	(2211, 4, 4156, 1, 148),
	(2212, 4, 4130, 1, 148),
	(2213, 4, 4131, 1, 148),
	(2214, 4, 4134, 1, 148),
	(2215, 4, 4135, 1, 148),
	(2216, 4, 4163, 1, 148),
	(2217, 4, 4136, 1, 148),
	(2218, 4, 4148, 1, 148),
	(2219, 4, 4184, 1, 148),
	(2220, 4, 4185, 1, 148),
	(2221, 4, 4127, 1, 149),
	(2222, 4, 4154, 0, 12),
	(2223, 4, 4166, 0, 12),
	(2224, 4, 4128, 0, 12),
	(2225, 4, 4150, 0, 12),
	(2226, 4, 4167, 0, 12),
	(2227, 4, 4169, 0, 12),
	(2228, 4, 4130, 0, 12),
	(2229, 4, 4171, 0, 12),
	(2230, 4, 4175, 0, 12),
	(2231, 4, 4163, 0, 12),
	(2232, 4, 4145, 0, 12),
	(2233, 4, 4185, 0, 12),
	(2234, 4, 4153, 0, 13),
	(2235, 4, 4154, 0, 13),
	(2236, 4, 4166, 0, 13),
	(2237, 4, 4128, 0, 13),
	(2238, 4, 4150, 0, 13),
	(2239, 4, 4169, 0, 13),
	(2240, 4, 4171, 0, 13),
	(2241, 4, 4172, 0, 13),
	(2242, 4, 4173, 0, 13),
	(2243, 4, 4175, 0, 13),
	(2244, 4, 4163, 0, 13),
	(2245, 4, 4144, 0, 13),
	(2246, 4, 4145, 0, 13),
	(2247, 4, 4185, 0, 13),
	(2248, 4, 4187, 0, 13),
	(2249, 4, 4150, 0, 14),
	(2250, 4, 4157, 0, 14),
	(2251, 4, 4158, 0, 14),
	(2252, 4, 4162, 0, 14),
	(2253, 4, 4154, 0, 15),
	(2254, 4, 4168, 0, 15),
	(2255, 4, 4150, 0, 15),
	(2256, 4, 4169, 0, 15),
	(2257, 4, 4128, 0, 15),
	(2258, 4, 4171, 0, 15),
	(2259, 4, 4172, 0, 15),
	(2260, 4, 4173, 0, 15),
	(2261, 4, 4175, 0, 15),
	(2262, 4, 4163, 0, 15),
	(2263, 4, 4144, 0, 15),
	(2264, 4, 4185, 0, 15),
	(2265, 4, 4192, 0, 16),
	(2266, 4, 4149, 0, 16),
	(2267, 4, 4166, 0, 16),
	(2268, 4, 4128, 0, 16),
	(2269, 4, 4150, 0, 16),
	(2270, 4, 4169, 0, 16),
	(2271, 4, 4171, 0, 16),
	(2272, 4, 4172, 0, 16),
	(2273, 4, 4173, 0, 16),
	(2274, 4, 4178, 0, 16),
	(2275, 4, 4140, 0, 16),
	(2276, 4, 4141, 0, 16),
	(2277, 4, 4147, 0, 16),
	(2278, 4, 4285, 1, 150),
	(2279, 4, 4286, 1, 150),
	(2280, 4, 4326, 1, 150),
	(2281, 4, 4327, 1, 150),
	(2282, 4, 4309, 1, 150),
	(2283, 4, 4314, 1, 150),
	(2284, 4, 4288, 1, 150),
	(2285, 4, 4289, 1, 150),
	(2286, 4, 4292, 1, 150),
	(2287, 4, 4293, 1, 150),
	(2288, 4, 4321, 1, 150),
	(2289, 4, 4294, 1, 150),
	(2290, 4, 4306, 1, 150),
	(2291, 4, 4342, 1, 150),
	(2292, 4, 4343, 1, 150),
	(2293, 4, 4287, 1, 151),
	(2294, 4, 4289, 1, 151),
	(2295, 4, 4318, 1, 151),
	(2296, 4, 4333, 1, 151),
	(2297, 4, 4293, 1, 151),
	(2298, 4, 4335, 1, 151),
	(2299, 4, 4337, 1, 151),
	(2300, 4, 4338, 1, 151),
	(2301, 4, 4306, 1, 151),
	(2302, 4, 4342, 1, 151),
	(2303, 4, 4313, 1, 152),
	(2304, 4, 4314, 1, 152),
	(2305, 4, 4289, 1, 152),
	(2306, 4, 4333, 1, 152),
	(2307, 4, 4293, 1, 152),
	(2308, 4, 4334, 1, 152),
	(2309, 4, 4340, 1, 152),
	(2310, 4, 4304, 1, 152),
	(2311, 4, 4306, 1, 152),
	(2312, 4, 4341, 1, 152),
	(2313, 4, 4342, 1, 152),
	(2314, 4, 4287, 1, 153),
	(2315, 4, 4289, 1, 153),
	(2316, 4, 4330, 1, 153),
	(2317, 4, 4331, 1, 153),
	(2318, 4, 4332, 1, 153),
	(2319, 4, 4293, 1, 153),
	(2320, 4, 4294, 1, 153),
	(2321, 4, 4338, 1, 153),
	(2322, 4, 4339, 1, 153),
	(2323, 4, 4306, 1, 153),
	(2324, 4, 4342, 1, 153),
	(2325, 4, 4287, 1, 154),
	(2326, 4, 4293, 1, 154),
	(2327, 4, 4285, 1, 155),
	(2328, 4, 4286, 1, 155),
	(2329, 4, 4326, 1, 155),
	(2330, 4, 4327, 1, 155),
	(2331, 4, 4309, 1, 155),
	(2332, 4, 4314, 1, 155),
	(2333, 4, 4288, 1, 155),
	(2334, 4, 4289, 1, 155),
	(2335, 4, 4292, 1, 155),
	(2336, 4, 4293, 1, 155),
	(2337, 4, 4321, 1, 155),
	(2338, 4, 4294, 1, 155),
	(2339, 4, 4306, 1, 155),
	(2340, 4, 4342, 1, 155),
	(2341, 4, 4343, 1, 155),
	(2342, 4, 4285, 1, 156),
	(2343, 4, 4312, 0, 17),
	(2344, 4, 4324, 0, 17),
	(2345, 4, 4286, 0, 17),
	(2346, 4, 4308, 0, 17),
	(2347, 4, 4325, 0, 17),
	(2348, 4, 4327, 0, 17),
	(2349, 4, 4288, 0, 17),
	(2350, 4, 4329, 0, 17),
	(2351, 4, 4333, 0, 17),
	(2352, 4, 4321, 0, 17),
	(2353, 4, 4303, 0, 17),
	(2354, 4, 4343, 0, 17),
	(2355, 4, 4311, 0, 18),
	(2356, 4, 4312, 0, 18),
	(2357, 4, 4324, 0, 18),
	(2358, 4, 4286, 0, 18),
	(2359, 4, 4308, 0, 18),
	(2360, 4, 4327, 0, 18),
	(2361, 4, 4329, 0, 18),
	(2362, 4, 4330, 0, 18),
	(2363, 4, 4331, 0, 18),
	(2364, 4, 4333, 0, 18),
	(2365, 4, 4321, 0, 18),
	(2366, 4, 4302, 0, 18),
	(2367, 4, 4303, 0, 18),
	(2368, 4, 4343, 0, 18),
	(2369, 4, 4345, 0, 18),
	(2370, 4, 4308, 0, 19),
	(2371, 4, 4315, 0, 19),
	(2372, 4, 4316, 0, 19),
	(2373, 4, 4320, 0, 19),
	(2374, 4, 4312, 0, 20),
	(2375, 4, 4326, 0, 20),
	(2376, 4, 4308, 0, 20),
	(2377, 4, 4327, 0, 20),
	(2378, 4, 4286, 0, 20),
	(2379, 4, 4329, 0, 20),
	(2380, 4, 4330, 0, 20),
	(2381, 4, 4331, 0, 20),
	(2382, 4, 4333, 0, 20),
	(2383, 4, 4321, 0, 20),
	(2384, 4, 4302, 0, 20),
	(2385, 4, 4343, 0, 20),
	(2386, 4, 4350, 0, 21),
	(2387, 4, 4307, 0, 21),
	(2388, 4, 4324, 0, 21),
	(2389, 4, 4286, 0, 21),
	(2390, 4, 4308, 0, 21),
	(2391, 4, 4327, 0, 21),
	(2392, 4, 4329, 0, 21),
	(2393, 4, 4330, 0, 21),
	(2394, 4, 4331, 0, 21),
	(2395, 4, 4336, 0, 21),
	(2396, 4, 4298, 0, 21),
	(2397, 4, 4299, 0, 21),
	(2398, 4, 4305, 0, 21);
/*!40000 ALTER TABLE `material_liaison` ENABLE KEYS */;

-- Export de la structure de la table sgtools. patient
DROP TABLE IF EXISTS `patient`;
CREATE TABLE IF NOT EXISTS `patient` (
  `id` int(10) unsigned NOT NULL AUTO_INCREMENT,
  `idCustomer` int(10) unsigned NOT NULL,
  `lastname` varchar(25) NOT NULL,
  `firstname` varchar(25) NOT NULL,
  `sex` tinyint(3) unsigned NOT NULL COMMENT '0 = homme 1 = femme',
  `age` tinyint(3) unsigned NOT NULL,
  `height` smallint(4) unsigned NOT NULL,
  `weight` smallint(4) unsigned NOT NULL,
  `avatar` int(10) unsigned NOT NULL,
  `story` text NOT NULL,
  `treatments` text NOT NULL,
  `allergies` text NOT NULL COMMENT 'json format',
  `ta` text NOT NULL COMMENT 'int/int',
  `fc` tinyint(3) unsigned NOT NULL,
  `dentalCondition` text NOT NULL,
  `dentalRiskNotice` tinyint(3) unsigned NOT NULL COMMENT '0 : oui, 1 : non',
  `mallanpati` tinyint(3) unsigned NOT NULL COMMENT '1 à 4',
  `thyroidMentalDistance` tinyint(3) unsigned NOT NULL COMMENT '0 : < 65mm, 1 : >=65mm',
  `mouthOpening` tinyint(3) unsigned NOT NULL COMMENT '0 : < 35mm, 1 : >=35mm',
  `difficultIntubation` tinyint(3) unsigned NOT NULL COMMENT '0 : oui, 1 : non',
  `difficultVentilation` tinyint(3) unsigned NOT NULL COMMENT '0 : oui, 1 : non',
  `asa` tinyint(3) unsigned NOT NULL,
  `preAnestheticExaminations` text NOT NULL COMMENT 'json',
  `marProposition` tinyint(3) unsigned NOT NULL COMMENT '0 : rien, 1 : ag, 2 : bis, 3 : ag+bis',
  `expectedHospitalisation` tinyint(3) unsigned NOT NULL COMMENT '0 : conventionnelle, 1 : ambulatoire, 2 : réa/SSIPO',
  `transfusionStrategy` text NOT NULL,
  `preAnestheticVisit` text NOT NULL,
  PRIMARY KEY (`id`),
  KEY `idClient` (`idCustomer`)
) ENGINE=InnoDB AUTO_INCREMENT=157 DEFAULT CHARSET=utf8;

-- Export de données de la table sgtools.patient : ~10 rows (environ)
DELETE FROM `patient`;
/*!40000 ALTER TABLE `patient` DISABLE KEYS */;
INSERT INTO `patient` (`id`, `idCustomer`, `lastname`, `firstname`, `sex`, `age`, `height`, `weight`, `avatar`, `story`, `treatments`, `allergies`, `ta`, `fc`, `dentalCondition`, `dentalRiskNotice`, `mallanpati`, `thyroidMentalDistance`, `mouthOpening`, `difficultIntubation`, `difficultVentilation`, `asa`, `preAnestheticExaminations`, `marProposition`, `expectedHospitalisation`, `transfusionStrategy`, `preAnestheticVisit`) VALUES
	(2, 1, 'Lopezzzzzzzzzz', 'Frederic', 0, 36, 176, 96, 5, '', '', '{}', '', 0, '', 0, 0, 0, 0, 0, 0, 0, '{}', 0, 0, '', ''),
	(3, 1, 'Barreau', 'Nathalie', 0, 26, 167, 72, 1, '', '', '{}', '', 0, '', 0, 0, 0, 0, 0, 0, 0, '{}', 0, 0, '', ''),
	(6, 2, 'Barreau', 'Nathalie', 1, 25, 160, 70, 1, '', '', '{}', '', 0, '', 0, 0, 0, 0, 0, 0, 0, '{}', 0, 0, '', ''),
	(7, 2, 'Durand', 'Jean', 0, 76, 176, 80, 2, '', '', '{}', '', 0, '', 0, 0, 0, 0, 0, 0, 0, '{}', 0, 0, '', ''),
	(8, 2, 'Garcia', 'Emmanuel', 0, 35, 175, 120, 3, '', '', '{}', '', 0, '', 0, 0, 0, 0, 0, 0, 0, '{}', 0, 0, '', ''),
	(9, 2, 'Morel', 'Marie', 1, 68, 176, 72, 4, '', '', '{}', '', 0, '', 0, 0, 0, 0, 0, 0, 0, '{}', 0, 0, '', ''),
	(10, 2, 'Monet', 'François', 0, 35, 180, 78, 5, '', '', '{}', '', 0, '', 0, 0, 0, 0, 0, 0, 0, '{}', 0, 0, '', ''),
	(11, 2, 'Bovary', 'Emmanuelle', 1, 24, 160, 60, 1, '', '', '{}', '', 0, '', 0, 0, 0, 0, 0, 0, 0, '{}', 0, 0, '', ''),
	(13, 1, 'Foucher', 'Romain', 0, 22, 177, 75, 5, 'penché, n\'arriver pas à se tenir droit.', 'chorizaliaaaaa', '{"rap":true,"rnb":true}', '131/64', 94, 'RAI', 0, 2, 66, 36, 0, 0, 1, '{}', 0, 0, 'deux shots de vodkaa', 'geekinithe aigüe chronique'),
	(17, 2, 'Foucher', 'Romain', 0, 21, 176, 75, 5, 'p', 'p', '{"antibiotique":true,"rap":true}', '100/60', 0, 'RAI.', 1, 2, 66, 36, 1, 1, 2, '{"groupe1":true,"phenotype":true,"rai":true,"ecg":true,"test":true}', 3, 2, 'h', 'h');
/*!40000 ALTER TABLE `patient` ENABLE KEYS */;

-- Export de la structure de la table sgtools. patient_liaison
DROP TABLE IF EXISTS `patient_liaison`;
CREATE TABLE IF NOT EXISTS `patient_liaison` (
  `id` int(10) unsigned NOT NULL AUTO_INCREMENT,
  `idPatient` int(10) unsigned NOT NULL,
  `idSurgery` int(10) unsigned NOT NULL,
  PRIMARY KEY (`id`)
) ENGINE=InnoDB AUTO_INCREMENT=399 DEFAULT CHARSET=utf8;

-- Export de données de la table sgtools.patient_liaison : ~64 rows (environ)
DELETE FROM `patient_liaison`;
/*!40000 ALTER TABLE `patient_liaison` DISABLE KEYS */;
INSERT INTO `patient_liaison` (`id`, `idPatient`, `idSurgery`) VALUES
	(8, 3, 1),
	(16, 2, 2),
	(17, 2, 3),
	(19, 6, 5),
	(20, 7, 6),
	(21, 8, 6),
	(22, 10, 6),
	(23, 8, 7),
	(24, 6, 7),
	(25, 7, 7),
	(26, 9, 7),
	(27, 10, 7),
	(28, 9, 8),
	(29, 6, 8),
	(30, 7, 8),
	(31, 8, 8),
	(32, 10, 8),
	(33, 10, 9),
	(34, 6, 9),
	(35, 7, 9),
	(36, 8, 9),
	(37, 9, 9),
	(38, 17, 6),
	(339, 136, 11),
	(359, 143, 12),
	(360, 144, 13),
	(361, 145, 13),
	(362, 147, 13),
	(363, 149, 13),
	(364, 145, 14),
	(365, 143, 14),
	(366, 144, 14),
	(367, 146, 14),
	(368, 147, 14),
	(369, 146, 15),
	(370, 143, 15),
	(371, 144, 15),
	(372, 145, 15),
	(373, 147, 15),
	(374, 147, 16),
	(375, 143, 16),
	(376, 144, 16),
	(377, 145, 16),
	(378, 146, 16),
	(379, 150, 17),
	(380, 151, 18),
	(381, 152, 18),
	(382, 154, 18),
	(383, 156, 18),
	(384, 152, 19),
	(385, 150, 19),
	(386, 151, 19),
	(387, 153, 19),
	(388, 154, 19),
	(389, 153, 20),
	(390, 150, 20),
	(391, 151, 20),
	(392, 152, 20),
	(393, 154, 20),
	(394, 154, 21),
	(395, 150, 21),
	(396, 151, 21),
	(397, 152, 21),
	(398, 153, 21);
/*!40000 ALTER TABLE `patient_liaison` ENABLE KEYS */;

-- Export de la structure de la table sgtools. questions
DROP TABLE IF EXISTS `questions`;
CREATE TABLE IF NOT EXISTS `questions` (
  `id` int(10) unsigned NOT NULL AUTO_INCREMENT,
  `idCustomer` int(10) unsigned NOT NULL,
  `name` varchar(60) NOT NULL,
  `question` text NOT NULL,
  `answer` text NOT NULL,
  PRIMARY KEY (`id`)
) ENGINE=InnoDB AUTO_INCREMENT=458 DEFAULT CHARSET=utf8;

-- Export de données de la table sgtools.questions : ~20 rows (environ)
DELETE FROM `questions`;
/*!40000 ALTER TABLE `questions` DISABLE KEYS */;
INSERT INTO `questions` (`id`, `idCustomer`, `name`, `question`, `answer`) VALUES
	(5, 1, 'asthme', 'Souffrez vous de crise d\'asthme ?', 'Non, je n\'ai pas de crise d\'asthme'),
	(6, 1, 'tabac', 'Etes vous à jeun du tabac ?', 'Je ne fume pas'),
	(7, 1, 'lgo', 'Avez-vous des lgo ?', 'Non je n\'ai pas de lgo.'),
	(8, 1, 'Vérification côté', 'De quel côté allez-vous être opéré ?', 'Heu... Pardon ?'),
	(42, 2, 'asthme', 'À quand remonte votre dernière crise d\'asthme ?', 'Pardon ?'),
	(43, 2, 'cote', 'De quel côté allez-vous être opéré s\'il vous plait ?', 'Excusez-moi ?'),
	(44, 2, 'accordALR', 'Vous vous rappelez que vous bénéficierez d\'une anesthésie loco régionale en plus de l\'anésthésie générale ?', 'Hein ? Mais pourquoi ?'),
	(45, 2, 'rgo', 'Avez-vous des reflux gastro-oesophagiens?', 'Non.'),
	(46, 2, 'traitementCardio', 'Avez-vous pris votre traitement pour le coeur ce matin ? Y a-t-il eu un relais de l\'anti-coagulant par injection à domicile ?', 'Un quoi ?'),
	(47, 2, 'jeunTabac', 'Vous n\'avez pas fumé ce matin ?', 'Je ne fume pas.'),
	(48, 2, 'lombaire', 'Avez-vous des douleurs lombaires connues ?', 'Non.'),
	(49, 2, 'antiH2', 'Vous a on donné un comprimé effervescent contre les reflux gastriques à boire ?', 'Non.'),
	(50, 2, 'prothèse', 'Avez-vous une prothèse métallique dans le corps ?', 'Non.'),
	(51, 2, 'nuque', 'Avez-vous une raideur au niveau cervical ?', 'Non.'),
	(52, 2, 'froid', 'Avez-vous froid ?', 'Non.'),
	(53, 2, 'glycémie', 'Avez-vous fait un contrôle HGT ce matin ?', 'Heu, bha non !'),
	(54, 2, 'apnée', 'Faites-vous des apnées du sommeil ?', 'Non, jamais.'),
	(55, 2, 'coronarien', 'Depuis la dernière consultation d\'anésthésie, vous n\'avez rien à signaler de nouveau sur le plan cardio-vasculaire ?', 'Non, ça va bien.'),
	(56, 2, 'aérosol', 'Avez-vous eu un aérosol avant d\'arriver au bloc ?', 'Non.'),
	(57, 2, 'enceinte', 'Etes vous enceinte ?', 'Mais enfin, vous vous trompez de patient !');
/*!40000 ALTER TABLE `questions` ENABLE KEYS */;

-- Export de la structure de la table sgtools. questions_liaison
DROP TABLE IF EXISTS `questions_liaison`;
CREATE TABLE IF NOT EXISTS `questions_liaison` (
  `id` int(10) unsigned NOT NULL AUTO_INCREMENT,
  `idQuestion` int(10) unsigned NOT NULL,
  `answer` text NOT NULL,
  `spawnedBy` tinyint(3) unsigned NOT NULL COMMENT '0=>surgery, 1=>patient',
  `idSpawner` int(10) unsigned NOT NULL,
  PRIMARY KEY (`id`)
) ENGINE=InnoDB AUTO_INCREMENT=487 DEFAULT CHARSET=utf8;

-- Export de données de la table sgtools.questions_liaison : ~280 rows (environ)
DELETE FROM `questions_liaison`;
/*!40000 ALTER TABLE `questions_liaison` DISABLE KEYS */;
INSERT INTO `questions_liaison` (`id`, `idQuestion`, `answer`, `spawnedBy`, `idSpawner`) VALUES
	(1, 5, 'Oui oui asthme lulzdfjkslhfjk', 0, 1),
	(2, 5, 'oui asthme lala', 1, 1),
	(5, 7, 'Oui LGO newnewnew', 0, 2),
	(8, 5, '', 1, 3),
	(9, 6, '', 1, 3),
	(22, 8, 'Je suis opéré du genou gauche.', 1, 2),
	(24, 5, 'Oui oui asthme lulzdfjkslhfjk', 0, 3),
	(26, 8, 'Coté gaiche', 0, 1),
	(29, 49, 'Oui.', 1, 6),
	(30, 47, 'Non, je n\'ai pas fumé depuis hier soir.', 1, 7),
	(157, 237, 'Non.', 1, 61),
	(158, 245, 'Oui, j\'étais à 0,8 g/l', 1, 61),
	(159, 243, 'Non, pas de soucis.', 1, 61),
	(160, 246, 'Non, jamais.', 1, 61),
	(161, 238, 'Oui je n\'en ai pris qu\'un ce matin. (A REDIGER)', 1, 62),
	(162, 242, 'Non.', 1, 62),
	(163, 243, 'Non, ça va.', 1, 62),
	(164, 247, 'Non, ça va bien.', 1, 62),
	(165, 244, 'Non, ça va.', 1, 62),
	(166, 234, 'C\'était il y a trois semaines environ.', 1, 63),
	(167, 248, 'Oui, je l\'ai bien eu.', 1, 63),
	(168, 249, 'Non.', 1, 64),
	(169, 234, 'Il y a deux jours', 1, 65),
	(175, 257, 'Oui.', 1, 66),
	(176, 255, 'Non, je n\'ai pas fumé depuis hier soir.', 1, 67),
	(177, 258, 'Non.', 1, 67),
	(178, 259, 'Non, ça va.', 1, 67),
	(179, 256, 'Non.', 1, 67),
	(180, 260, 'Non, ça va.', 1, 67),
	(181, 253, 'Non.', 1, 68),
	(182, 261, 'Oui, j\'étais à 0,8 g/l', 1, 68),
	(183, 259, 'Non, pas de soucis.', 1, 68),
	(184, 262, 'Non, jamais.', 1, 68),
	(185, 254, 'Oui je n\'en ai pris qu\'un ce matin. (A REDIGER)', 1, 69),
	(186, 258, 'Non.', 1, 69),
	(187, 259, 'Non, ça va.', 1, 69),
	(188, 263, 'Non, ça va bien.', 1, 69),
	(189, 260, 'Non, ça va.', 1, 69),
	(190, 250, 'C\'était il y a trois semaines environ.', 1, 70),
	(191, 264, 'Oui, je l\'ai bien eu.', 1, 70),
	(192, 265, 'Non.', 1, 71),
	(193, 250, 'Il y a deux jours', 1, 72),
	(199, 273, 'Oui.', 1, 73),
	(200, 271, 'Non, je n\'ai pas fumé depuis hier soir.', 1, 74),
	(201, 274, 'Non.', 1, 74),
	(202, 275, 'Non, ça va.', 1, 74),
	(203, 272, 'Non.', 1, 74),
	(204, 276, 'Non, ça va.', 1, 74),
	(205, 269, 'Non.', 1, 75),
	(206, 277, 'Oui, j\'étais à 0,8 g/l', 1, 75),
	(207, 275, 'Non, pas de soucis.', 1, 75),
	(208, 278, 'Non, jamais.', 1, 75),
	(209, 270, 'Oui je n\'en ai pris qu\'un ce matin. (A REDIGER)', 1, 76),
	(210, 274, 'Non.', 1, 76),
	(211, 275, 'Non, ça va.', 1, 76),
	(212, 279, 'Non, ça va bien.', 1, 76),
	(213, 276, 'Non, ça va.', 1, 76),
	(214, 266, 'C\'était il y a trois semaines environ.', 1, 77),
	(215, 280, 'Oui, je l\'ai bien eu.', 1, 77),
	(216, 281, 'Non.', 1, 78),
	(217, 266, 'Il y a deux jours', 1, 79),
	(223, 289, 'Oui.', 1, 80),
	(224, 287, 'Non, je n\'ai pas fumé depuis hier soir.', 1, 81),
	(225, 290, 'Non.', 1, 81),
	(226, 291, 'Non, ça va.', 1, 81),
	(227, 288, 'Non.', 1, 81),
	(228, 292, 'Non, ça va.', 1, 81),
	(229, 285, 'Non.', 1, 82),
	(230, 293, 'Oui, j\'étais à 0,8 g/l', 1, 82),
	(231, 291, 'Non, pas de soucis.', 1, 82),
	(232, 294, 'Non, jamais.', 1, 82),
	(233, 286, 'Oui je n\'en ai pris qu\'un ce matin. (A REDIGER)', 1, 83),
	(234, 290, 'Non.', 1, 83),
	(235, 291, 'Non, ça va.', 1, 83),
	(236, 295, 'Non, ça va bien.', 1, 83),
	(237, 292, 'Non, ça va.', 1, 83),
	(238, 282, 'C\'était il y a trois semaines environ.', 1, 84),
	(239, 296, 'Oui, je l\'ai bien eu.', 1, 84),
	(240, 297, 'Non.', 1, 85),
	(241, 282, 'Il y a deux jours', 1, 86),
	(247, 305, 'Oui.', 1, 87),
	(248, 303, 'Non, je n\'ai pas fumé depuis hier soir.', 1, 88),
	(249, 306, 'Non.', 1, 88),
	(250, 307, 'Non, ça va.', 1, 88),
	(251, 304, 'Non.', 1, 88),
	(252, 308, 'Non, ça va.', 1, 88),
	(253, 301, 'Non.', 1, 89),
	(254, 309, 'Oui, j\'étais à 0,8 g/l', 1, 89),
	(255, 307, 'Non, pas de soucis.', 1, 89),
	(256, 310, 'Non, jamais.', 1, 89),
	(257, 302, 'Oui je n\'en ai pris qu\'un ce matin. (A REDIGER)', 1, 90),
	(258, 306, 'Non.', 1, 90),
	(259, 307, 'Non, ça va.', 1, 90),
	(260, 311, 'Non, ça va bien.', 1, 90),
	(261, 308, 'Non, ça va.', 1, 90),
	(262, 298, 'C\'était il y a trois semaines environ.', 1, 91),
	(263, 312, 'Oui, je l\'ai bien eu.', 1, 91),
	(264, 313, 'Non.', 1, 92),
	(265, 298, 'Il y a deux jours', 1, 93),
	(271, 321, 'Oui.', 1, 94),
	(272, 319, 'Non, je n\'ai pas fumé depuis hier soir.', 1, 95),
	(273, 322, 'Non.', 1, 95),
	(274, 323, 'Non, ça va.', 1, 95),
	(275, 320, 'Non.', 1, 95),
	(276, 324, 'Non, ça va.', 1, 95),
	(277, 317, 'Non.', 1, 96),
	(278, 325, 'Oui, j\'étais à 0,8 g/l', 1, 96),
	(279, 323, 'Non, pas de soucis.', 1, 96),
	(280, 326, 'Non, jamais.', 1, 96),
	(281, 318, 'Oui je n\'en ai pris qu\'un ce matin. (A REDIGER)', 1, 97),
	(282, 322, 'Non.', 1, 97),
	(283, 323, 'Non, ça va.', 1, 97),
	(284, 327, 'Non, ça va bien.', 1, 97),
	(285, 324, 'Non, ça va.', 1, 97),
	(286, 314, 'C\'était il y a trois semaines environ.', 1, 98),
	(287, 328, 'Oui, je l\'ai bien eu.', 1, 98),
	(288, 329, 'Non.', 1, 99),
	(289, 314, 'Il y a deux jours', 1, 100),
	(295, 337, 'Oui.', 1, 101),
	(296, 335, 'Non, je n\'ai pas fumé depuis hier soir.', 1, 102),
	(297, 338, 'Non.', 1, 102),
	(298, 339, 'Non, ça va.', 1, 102),
	(299, 336, 'Non.', 1, 102),
	(300, 340, 'Non, ça va.', 1, 102),
	(301, 333, 'Non.', 1, 103),
	(302, 341, 'Oui, j\'étais à 0,8 g/l', 1, 103),
	(303, 339, 'Non, pas de soucis.', 1, 103),
	(304, 342, 'Non, jamais.', 1, 103),
	(305, 334, 'Oui je n\'en ai pris qu\'un ce matin. (A REDIGER)', 1, 104),
	(306, 338, 'Non.', 1, 104),
	(307, 339, 'Non, ça va.', 1, 104),
	(308, 343, 'Non, ça va bien.', 1, 104),
	(309, 340, 'Non, ça va.', 1, 104),
	(310, 330, 'C\'était il y a trois semaines environ.', 1, 105),
	(311, 344, 'Oui, je l\'ai bien eu.', 1, 105),
	(312, 345, 'Non.', 1, 106),
	(313, 330, 'Il y a deux jours', 1, 107),
	(319, 353, 'Oui.', 1, 108),
	(320, 351, 'Non, je n\'ai pas fumé depuis hier soir.', 1, 109),
	(321, 354, 'Non.', 1, 109),
	(322, 355, 'Non, ça va.', 1, 109),
	(323, 352, 'Non.', 1, 109),
	(324, 356, 'Non, ça va.', 1, 109),
	(325, 349, 'Non.', 1, 110),
	(326, 357, 'Oui, j\'étais à 0,8 g/l', 1, 110),
	(327, 355, 'Non, pas de soucis.', 1, 110),
	(328, 358, 'Non, jamais.', 1, 110),
	(329, 350, 'Oui je n\'en ai pris qu\'un ce matin. (A REDIGER)', 1, 111),
	(330, 354, 'Non.', 1, 111),
	(331, 355, 'Non, ça va.', 1, 111),
	(332, 359, 'Non, ça va bien.', 1, 111),
	(333, 356, 'Non, ça va.', 1, 111),
	(334, 346, 'C\'était il y a trois semaines environ.', 1, 112),
	(335, 360, 'Oui, je l\'ai bien eu.', 1, 112),
	(336, 361, 'Non.', 1, 113),
	(337, 346, 'Il y a deux jours', 1, 114),
	(343, 369, 'Oui.', 1, 115),
	(344, 367, 'Non, je n\'ai pas fumé depuis hier soir.', 1, 116),
	(345, 370, 'Non.', 1, 116),
	(346, 371, 'Non, ça va.', 1, 116),
	(347, 368, 'Non.', 1, 116),
	(348, 372, 'Non, ça va.', 1, 116),
	(349, 365, 'Non.', 1, 117),
	(350, 373, 'Oui, j\'étais à 0,8 g/l', 1, 117),
	(351, 371, 'Non, pas de soucis.', 1, 117),
	(352, 374, 'Non, jamais.', 1, 117),
	(353, 366, 'Oui je n\'en ai pris qu\'un ce matin. (A REDIGER)', 1, 118),
	(354, 370, 'Non.', 1, 118),
	(355, 371, 'Non, ça va.', 1, 118),
	(356, 375, 'Non, ça va bien.', 1, 118),
	(357, 372, 'Non, ça va.', 1, 118),
	(358, 362, 'C\'était il y a trois semaines environ.', 1, 119),
	(359, 376, 'Oui, je l\'ai bien eu.', 1, 119),
	(360, 377, 'Non.', 1, 120),
	(361, 362, 'Il y a deux jours', 1, 121),
	(367, 385, 'Oui.', 1, 122),
	(368, 383, 'Non, je n\'ai pas fumé depuis hier soir.', 1, 123),
	(369, 386, 'Non.', 1, 123),
	(370, 387, 'Non, ça va.', 1, 123),
	(371, 384, 'Non.', 1, 123),
	(372, 388, 'Non, ça va.', 1, 123),
	(373, 381, 'Non.', 1, 124),
	(374, 389, 'Oui, j\'étais à 0,8 g/l', 1, 124),
	(375, 387, 'Non, pas de soucis.', 1, 124),
	(376, 390, 'Non, jamais.', 1, 124),
	(377, 382, 'Oui je n\'en ai pris qu\'un ce matin. (A REDIGER)', 1, 125),
	(378, 386, 'Non.', 1, 125),
	(379, 387, 'Non, ça va.', 1, 125),
	(380, 391, 'Non, ça va bien.', 1, 125),
	(381, 388, 'Non, ça va.', 1, 125),
	(382, 378, 'C\'était il y a trois semaines environ.', 1, 126),
	(383, 392, 'Oui, je l\'ai bien eu.', 1, 126),
	(384, 393, 'Non.', 1, 127),
	(385, 378, 'Il y a deux jours', 1, 128),
	(391, 401, 'Oui.', 1, 129),
	(392, 399, 'Non, je n\'ai pas fumé depuis hier soir.', 1, 130),
	(393, 402, 'Non.', 1, 130),
	(394, 403, 'Non, ça va.', 1, 130),
	(395, 400, 'Non.', 1, 130),
	(396, 404, 'Non, ça va.', 1, 130),
	(397, 397, 'Non.', 1, 131),
	(398, 405, 'Oui, j\'étais à 0,8 g/l', 1, 131),
	(399, 403, 'Non, pas de soucis.', 1, 131),
	(400, 406, 'Non, jamais.', 1, 131),
	(401, 398, 'Oui je n\'en ai pris qu\'un ce matin. (A REDIGER)', 1, 132),
	(402, 402, 'Non.', 1, 132),
	(403, 403, 'Non, ça va.', 1, 132),
	(404, 407, 'Non, ça va bien.', 1, 132),
	(405, 404, 'Non, ça va.', 1, 132),
	(406, 394, 'C\'était il y a trois semaines environ.', 1, 133),
	(407, 408, 'Oui, je l\'ai bien eu.', 1, 133),
	(408, 409, 'Non.', 1, 134),
	(409, 394, 'Il y a deux jours', 1, 135),
	(415, 417, 'Oui.', 1, 136),
	(416, 415, 'Non, je n\'ai pas fumé depuis hier soir.', 1, 137),
	(417, 418, 'Non.', 1, 137),
	(418, 419, 'Non, ça va.', 1, 137),
	(419, 416, 'Non.', 1, 137),
	(420, 420, 'Non, ça va.', 1, 137),
	(421, 413, 'Non.', 1, 138),
	(422, 421, 'Oui, j\'étais à 0,8 g/l', 1, 138),
	(423, 419, 'Non, pas de soucis.', 1, 138),
	(424, 422, 'Non, jamais.', 1, 138),
	(425, 414, 'Oui je n\'en ai pris qu\'un ce matin. (A REDIGER)', 1, 139),
	(426, 418, 'Non.', 1, 139),
	(427, 419, 'Non, ça va.', 1, 139),
	(428, 423, 'Non, ça va bien.', 1, 139),
	(429, 420, 'Non, ça va.', 1, 139),
	(430, 410, 'C\'était il y a trois semaines environ.', 1, 140),
	(431, 424, 'Oui, je l\'ai bien eu.', 1, 140),
	(432, 425, 'Non.', 1, 141),
	(433, 410, 'Il y a deux jours', 1, 142),
	(439, 433, 'Oui.', 1, 143),
	(440, 431, 'Non, je n\'ai pas fumé depuis hier soir.', 1, 144),
	(441, 434, 'Non.', 1, 144),
	(442, 435, 'Non, ça va.', 1, 144),
	(443, 432, 'Non.', 1, 144),
	(444, 436, 'Non, ça va.', 1, 144),
	(445, 429, 'Non.', 1, 145),
	(446, 437, 'Oui, j\'étais à 0,8 g/l', 1, 145),
	(447, 435, 'Non, pas de soucis.', 1, 145),
	(448, 438, 'Non, jamais.', 1, 145),
	(449, 430, 'Oui je n\'en ai pris qu\'un ce matin. (A REDIGER)', 1, 146),
	(450, 434, 'Non.', 1, 146),
	(451, 435, 'Non, ça va.', 1, 146),
	(452, 439, 'Non, ça va bien.', 1, 146),
	(453, 436, 'Non, ça va.', 1, 146),
	(454, 426, 'C\'était il y a trois semaines environ.', 1, 147),
	(455, 440, 'Oui, je l\'ai bien eu.', 1, 147),
	(456, 441, 'Non.', 1, 148),
	(457, 426, 'Il y a deux jours', 1, 149),
	(458, 432, 'Non.', 0, 13),
	(459, 427, 'Du coté gauche.', 0, 14),
	(460, 428, 'Bien sur.', 0, 14),
	(461, 427, 'Du coté droit.', 0, 15),
	(462, 435, 'Non, aucune.', 0, 16),
	(463, 449, 'Oui.', 1, 150),
	(464, 447, 'Non, je n\'ai pas fumé depuis hier soir.', 1, 151),
	(465, 450, 'Non.', 1, 151),
	(466, 451, 'Non, ça va.', 1, 151),
	(467, 448, 'Non.', 1, 151),
	(468, 452, 'Non, ça va.', 1, 151),
	(469, 445, 'Non.', 1, 152),
	(470, 453, 'Oui, j\'étais à 0,8 g/l', 1, 152),
	(471, 451, 'Non, pas de soucis.', 1, 152),
	(472, 454, 'Non, jamais.', 1, 152),
	(473, 446, 'Oui je n\'en ai pris qu\'un ce matin. (A REDIGER)', 1, 153),
	(474, 450, 'Non.', 1, 153),
	(475, 451, 'Non, ça va.', 1, 153),
	(476, 455, 'Non, ça va bien.', 1, 153),
	(477, 452, 'Non, ça va.', 1, 153),
	(478, 442, 'C\'était il y a trois semaines environ.', 1, 154),
	(479, 456, 'Oui, je l\'ai bien eu.', 1, 154),
	(480, 457, 'Non.', 1, 155),
	(481, 442, 'Il y a deux jours', 1, 156),
	(482, 448, 'Non.', 0, 18),
	(483, 443, 'Du coté gauche.', 0, 19),
	(484, 444, 'Bien sur.', 0, 19),
	(485, 443, 'Du coté droit.', 0, 20),
	(486, 451, 'Non, aucune.', 0, 21);
/*!40000 ALTER TABLE `questions_liaison` ENABLE KEYS */;

-- Export de la structure de la table sgtools. surgery
DROP TABLE IF EXISTS `surgery`;
CREATE TABLE IF NOT EXISTS `surgery` (
  `id` int(10) unsigned NOT NULL AUTO_INCREMENT,
  `idCustomer` int(10) unsigned NOT NULL,
  `name` varchar(150) NOT NULL,
  `consultation` tinyint(1) unsigned NOT NULL,
  `emergency` tinyint(1) unsigned NOT NULL,
  `story` text NOT NULL,
  `marProposition` tinyint(2) unsigned NOT NULL,
  `preAnestheticVisit` text NOT NULL,
  `lastEval` tinyint(3) unsigned NOT NULL,
  PRIMARY KEY (`id`)
) ENGINE=InnoDB AUTO_INCREMENT=22 DEFAULT CHARSET=utf8;

-- Export de données de la table sgtools.surgery : ~9 rows (environ)
DELETE FROM `surgery`;
/*!40000 ALTER TABLE `surgery` DISABLE KEYS */;
INSERT INTO `surgery` (`id`, `idCustomer`, `name`, `consultation`, `emergency`, `story`, `marProposition`, `preAnestheticVisit`, `lastEval`) VALUES
	(1, 1, 'Césarienne en urgence', 0, 1, 'deprecated', 0, '', 0),
	(2, 1, 'Chirurgie 2', 0, 0, 'story 2', 0, '', 0),
	(3, 1, 'Chirurgie', 0, 1, 'blablabla', 0, '', 0),
	(5, 2, 'Césarienne en urgence', 1, 1, 'histoire 1 point', 3, 'il allait bien', 3),
	(6, 2, 'Cysto-prostatectomie voie haute', 0, 0, 'histoire 2', 0, '', 0),
	(7, 2, 'Ligamentoplastie épaule gauche sous AG + BIS', 0, 0, 'histoire 3', 0, '', 0),
	(8, 2, 'PTH droite, décubitus latéral gauche', 0, 0, 'histoire 4', 0, '', 0),
	(9, 2, 'Thyroïdectomie totale', 0, 0, 'histoire 5', 0, '', 0),
	(10, 1, 'Test2', 1, 1, '11', 0, 'Heyy', 0);
/*!40000 ALTER TABLE `surgery` ENABLE KEYS */;

/*!40101 SET SQL_MODE=IFNULL(@OLD_SQL_MODE, '') */;
/*!40014 SET FOREIGN_KEY_CHECKS=IF(@OLD_FOREIGN_KEY_CHECKS IS NULL, 1, @OLD_FOREIGN_KEY_CHECKS) */;
/*!40101 SET CHARACTER_SET_CLIENT=@OLD_CHARACTER_SET_CLIENT */;
