{
	"chirurgies": [

		{
			"id": 1 ,
			"nom": "Césarienne en urgence",
			"materiels": [ 3, 16, 40, 24, 33, 1, 145, 140, 22, 315, 306, 37, 59 ],
			"reponses": [],
			"compatibles": [ 1 ],
			"spec": [ "urgence" ],
			"histoire": "Grossesse \u00e0 terme",
			"consultation": true,
			"urgence": true,
			"marProposition": 3,
			"marPropositionText": "Pas de cathé",
			"preAnestheticVisit": "",
			"lastEval": 0
		},

		{
			"id": 2 ,
			"nom": "Cysto-prostatectomie voie haute",
			"materiels": [ 15, 16, 102, 23, 24, 145, 88, 40, 42, 45, 306 ],
			"reponses": [
				{"lombaire": "Non." },
				{"BAT": "oui" }
			],
			"compatibles": [ 2, 5, 6 ],
			"spec": [],
			"histoire": "",
			"consultation": false,
			"urgence": false,
			"marProposition": 1,
			"marPropositionText": "",
			"preAnestheticVisit": "",
			"lastEval": 1
		},

		{
			"id": 3 ,
			"nom": "Ligamentoplastie épaule gauche sous AG + BIS",
			"materiels": [ 27, 28, 32, 34, 43, 306 ],
			"reponses": [
				{"cote": "Du côté gauche." },
				{"accordALR": "Bien sur." }
			],
			"compatibles": [ 2, 4, 5, 6 ],
			"spec": [],
			"histoire": "Suivi endoctrinologique < 1 mois\nSigne du prieur -\nPas de gastropar\u00e9sie\nPas de micro-angiopathie.",
			"consultation": false,
			"urgence": false,
			"marProposition": 3,
			"marPropositionText": "Bloc interscalique",
			"preAnestheticVisit": "",
			"lastEval": 14
		},

		{
			"id": 4 ,
			"nom": "PTH droite, décubitus latéral gauche",
			"materiels": [ 35, 15, 40, 23, 24, 45, 145, 306, 88 ],
			"reponses": [
				{"cote": "Du côté gauche." }
			],
			"compatibles": [ 4, 2, 5, 6 ],
			"spec": [],
			"histoire": "",
			"consultation": false,
			"urgence": false,
			"marProposition": 1,
			"marPropositionText": "",
			"preAnestheticVisit": "",
			"lastEval": 31
		},

		{
			"id": 5 ,
			"nom": "Thyroïdectomie totale",
			"materiels": [ 20, 12, 44, 306, 18, 29, 40, 88, 326 ],
			"reponses": [
				{"nuque": "Non, aucune." }
			],
			"compatibles": [ 5, 2, 4, 6 ],
			"spec": [],
			"histoire": "",
			"consultation": false,
			"urgence": false,
			"marProposition": 0,
			"marPropositionText": "",
			"preAnestheticVisit": "La veille",
			"lastEval": 10
		}
	]
}