{
	"questions": [

		{
			"id": "asthme" ,
			"question": "À quand remonte votre dernière crise d'asthme ?",
			"reponse": "Pardon ?" 
		},

		{
			"id": "cote" ,
			"question": "De quel côté êtes-vous opéré(e)?",
			"reponse": "Excusez-moi ?" 
		},

		{
			"id": "accordALR" ,
			"question": "Vous a t'on informé que vous auriez une ALR, contre la douleur?",
			"reponse": "Hein ? Mais pourquoi ?" 
		},

		{
			"id": "rgo" ,
			"question": "Avez-vous  tendance à avoir des nausées, vomissements ou reflux?",
			"reponse": "Non." 
		},

		{
			"id": "traitement Cardio 1" ,
			"question": "Avez-vous pris votre Béta-Bloquant ce matin?",
			"reponse": "Un quoi ?" 
		},

		{
			"id": "jeun Tabac" ,
			"question": "Avez-vous fumé ce matin?",
			"reponse": "Je ne fume pas." 
		},

		{
			"id": "lombaire" ,
			"question": "Avez-vous des douleurs lombaires connues ?",
			"reponse": "Non." 
		},

		{
			"id": "antiH2" ,
			"question": "Avez-vous pris un médicament effervescent? ( Ranitidine? Azantac?)",
			"reponse": "non" 
		},

		{
			"id": "prothèse" ,
			"question": "Avez-vous du matériel métallique dans le corps ( Prothèse? Plaque? clou?)",
			"reponse": "Non." 
		},

		{
			"id": "nuque" ,
			"question": "Avez-vous une raideur au niveau cervical ?",
			"reponse": "Non." 
		},

		{
			"id": "Confort chaleur" ,
			"question": "Avez-vous assez chaud?",
			"reponse": "Non." 
		},

		{
			"id": "glycémie" ,
			"question": "Avez- vous eu une glycémie ce matin, et connaissez-vous le résultat?",
			"reponse": "Heu, bha non !" 
		},

		{
			"id": "apnée" ,
			"question": "Faites-vous des apnées du sommeil ?",
			"reponse": "Non, jamais." 
		},

		{
			"id": "Tous sauf Césarienne" ,
			"question": "Depuis la consultation d'anesthésie, avez-vous eu un changement de traitement ou une hospitalisation?",
			"reponse": "Non, ça va bien." 
		},

		{
			"id": "aérosol" ,
			"question": "Avez-vous eu un aérosol avant d'arriver au bloc ?",
			"reponse": "Non." 
		},

		{
			"id": "Traitement Cardio 2" ,
			"question": "Avez- vous arrêté votre traitement anticoagulant?",
			"reponse": "pardon?" 
		},

		{
			"id": "Traitement cardio 3" ,
			"question": "Y-a t'il eu un relais de votre anticoagulant, par injection?",
			"reponse": "Pardon?" 
		},

		{
			"id": "BAT" ,
			"question": "Portez-vous des bas de contention?",
			"reponse": "Non" 
		},

		{
			"id": "Evaluation Mallampati Urgence" ,
			"question": " Pouvez-vous ouvrir grand la bouche et tirer la langue?",
			"reponse": "Pardon?" 
		},

		{
			"id": "Appareil dentaire" ,
			"question": "Avez-vous retiré votre appareil dentaire?",
			"reponse": "Je n'en ai pas" 
		}
	]
}