{
	"materiels": [

		{
			"id": 1 ,
			"materiel": "Plateau césarienne (produits d'anesthésie)",
			"cat": "Réfrigérateur" 
		},

		{
			"id": 3 ,
			"materiel": "Laryngoscope manche court",
			"cat": "Chariot d'anesthésie" 
		},

		{
			"id": 4 ,
			"materiel": "Pince de Magill petite",
			"cat": "Chariot d'anesthésie" 
		},

		{
			"id": 5 ,
			"materiel": "Mandrin semi-rigide",
			"cat": "Chariot d'anesthésie" 
		},

		{
			"id": 6 ,
			"materiel": "Canules de Guedel n° 2, 3, 4, ...",
			"cat": "Chariot d'anesthésie" 
		},

		{
			"id": 7 ,
			"materiel": "Sonde d'intubation 6",
			"cat": "Chariot d'anesthésie" 
		},

		{
			"id": 8 ,
			"materiel": "Sonde d'intubation 8",
			"cat": "Chariot d'anesthésie" 
		},

		{
			"id": 12 ,
			"materiel": "Sonde Nim",
			"cat": "Matériel" 
		},

		{
			"id": 13 ,
			"materiel": "Masque laryngé 1",
			"cat": "Chariot d'anesthésie" 
		},

		{
			"id": 14 ,
			"materiel": "Masque laryngé 2",
			"cat": "Chariot d'anesthésie" 
		},

		{
			"id": 15 ,
			"materiel": "2ème voie d'abord",
			"cat": "Chariot d'anesthésie" 
		},

		{
			"id": 16 ,
			"materiel": "Cathlon 16 G",
			"cat": "Chariot d'anesthésie" 
		},

		{
			"id": 17 ,
			"materiel": "Dialaflow",
			"cat": "Chariot d'anesthésie" 
		},

		{
			"id": 18 ,
			"materiel": "Rallonges tubulures",
			"cat": "Chariot d'anesthésie" 
		},

		{
			"id": 19 ,
			"materiel": "Cristalloïde (NaCl 0,9%)",
			"cat": "Chariot d'anesthésie" 
		},

		{
			"id": 20 ,
			"materiel": "Capno tubulure longue",
			"cat": "Tiroir Respirateur" 
		},

		{
			"id": 22 ,
			"materiel": "Canule buccale (Yankoër)",
			"cat": "Tiroir Respirateur" 
		},

		{
			"id": 23 ,
			"materiel": "Réchauffeur - accélérateur de perfusion",
			"cat": "Matériel" 
		},

		{
			"id": 24 ,
			"materiel": "Hemocue",
			"cat": "Matériel" 
		},

		{
			"id": 26 ,
			"materiel": "Chariot IOT difficile",
			"cat": "Matériel" 
		},

		{
			"id": 27 ,
			"materiel": "Intralipides",
			"cat": "Médicaments" 
		},

		{
			"id": 28 ,
			"materiel": "Chariot ALR + échographe",
			"cat": "Matériel" 
		},

		{
			"id": 29 ,
			"materiel": "Billot sous scapulaire",
			"cat": "Matériel" 
		},

		{
			"id": 30 ,
			"materiel": "BIS (index bispectral)",
			"cat": "Matériel" 
		},

		{
			"id": 32 ,
			"materiel": "Têtière",
			"cat": "Matériel" 
		},

		{
			"id": 33 ,
			"materiel": "Billot fesse",
			"cat": "Matériel" 
		},

		{
			"id": 34 ,
			"materiel": "Rouleau adhésif fixation",
			"cat": "Matériel" 
		},

		{
			"id": 35 ,
			"materiel": "Billot thoracique",
			"cat": "Matériel" 
		},

		{
			"id": 37 ,
			"materiel": "Sulprostone",
			"cat": "Réfrigérateur" 
		},

		{
			"id": 38 ,
			"materiel": "G5% 500ml",
			"cat": "Chariot d'anesthésie" 
		},

		{
			"id": 40 ,
			"materiel": "HEA (Restorvol®)",
			"cat": "Chariot d'anesthésie" 
		},

		{
			"id": 42 ,
			"materiel": "Sonde gastrique",
			"cat": "Chariot d'anesthésie" 
		},

		{
			"id": 43 ,
			"materiel": "Protection oculaire renforcée",
			"cat": "Chariot d'anesthésie" 
		},

		{
			"id": 44 ,
			"materiel": "Tuyaux longs respirateur",
			"cat": "Tiroir Respirateur" 
		},

		{
			"id": 45 ,
			"materiel": "Acide tranexamique",
			"cat": "Chariot d'anesthésie" 
		},

		{
			"id": 46 ,
			"materiel": "Adrénaline",
			"cat": "Chariot d'anesthésie" 
		},

		{
			"id": 47 ,
			"materiel": "Antibiotique",
			"cat": "Chariot d'anesthésie" 
		},

		{
			"id": 48 ,
			"materiel": "Anticonvulsivants",
			"cat": "Chariot d'anesthésie" 
		},

		{
			"id": 50 ,
			"materiel": "Atropine",
			"cat": "Chariot d'anesthésie" 
		},

		{
			"id": 51 ,
			"materiel": "Dexamethasone",
			"cat": "Chariot d'anesthésie" 
		},

		{
			"id": 52 ,
			"materiel": "Dropéridol",
			"cat": "Chariot d'anesthésie" 
		},

		{
			"id": 53 ,
			"materiel": "Ephédrine®",
			"cat": "Chariot d'anesthésie" 
		},

		{
			"id": 54 ,
			"materiel": "Hypnomidate",
			"cat": "Chariot d'anesthésie" 
		},

		{
			"id": 55 ,
			"materiel": "Néostigmine",
			"cat": "Chariot d'anesthésie" 
		},

		{
			"id": 56 ,
			"materiel": "Noradrénaline",
			"cat": "Chariot d'anesthésie" 
		},

		{
			"id": 57 ,
			"materiel": "Phenyléphrine",
			"cat": "Chariot d'anesthésie" 
		},

		{
			"id": 58 ,
			"materiel": "Propofol",
			"cat": "Chariot d'anesthésie" 
		},

		{
			"id": 59 ,
			"materiel": "Ranitidine effervescent",
			"cat": "Chariot d'anesthésie" 
		},

		{
			"id": 60 ,
			"materiel": "Salbutamol nébuliseur",
			"cat": "Chariot d'anesthésie" 
		},

		{
			"id": 61 ,
			"materiel": "Thiopental",
			"cat": "Chariot d'anesthésie" 
		},

		{
			"id": 62 ,
			"materiel": "Trinitrine nébuliseur",
			"cat": "Chariot d'anesthésie" 
		},

		{
			"id": 63 ,
			"materiel": "Anesthésique de contact (gel et spray de Xylocaïne)",
			"cat": "Chariot d'anesthésie" 
		},

		{
			"id": 64 ,
			"materiel": "Cale-bouche",
			"cat": "Chariot d'anesthésie" 
		},

		{
			"id": 66 ,
			"materiel": "Ciseaux",
			"cat": "Chariot d'anesthésie" 
		},

		{
			"id": 67 ,
			"materiel": "Fixation sparadrap, cordon",
			"cat": "Chariot d'anesthésie" 
		},

		{
			"id": 68 ,
			"materiel": "Laryngoscope manche long",
			"cat": "Chariot d'anesthésie" 
		},

		{
			"id": 69 ,
			"materiel": "Masque laryngé 4",
			"cat": "Chariot d'anesthésie" 
		},

		{
			"id": 70 ,
			"materiel": "Piles",
			"cat": "Chariot d'anesthésie" 
		},

		{
			"id": 71 ,
			"materiel": "Mandrin d'Eschmann",
			"cat": "Chariot d'anesthésie" 
		},

		{
			"id": 72 ,
			"materiel": "Prolongateur à O2",
			"cat": "Chariot d'anesthésie" 
		},

		{
			"id": 74 ,
			"materiel": "Sondes d'aspiration (12,14,16 et 18 G)",
			"cat": "Chariot d'anesthésie" 
		},

		{
			"id": 75 ,
			"materiel": "Sonde d'intubation 7,5",
			"cat": "Chariot d'anesthésie" 
		},

		{
			"id": 76 ,
			"materiel": "Sonde d'intubation armée 6",
			"cat": "Chariot d'anesthésie" 
		},

		{
			"id": 77 ,
			"materiel": "Sondes O2 nasales",
			"cat": "Chariot d'anesthésie" 
		},

		{
			"id": 78 ,
			"materiel": "Aiguilles et seringues (5, 10, 20 et 50 ml)",
			"cat": "Chariot d'anesthésie" 
		},

		{
			"id": 79 ,
			"materiel": "Antiseptique",
			"cat": "Chariot d'anesthésie" 
		},

		{
			"id": 80 ,
			"materiel": "Cathéters périphériques 20, 18 et 16 Gauges",
			"cat": "Chariot d'anesthésie" 
		},

		{
			"id": 81 ,
			"materiel": "Garrot, compresses",
			"cat": "Chariot d'anesthésie" 
		},

		{
			"id": 82 ,
			"materiel": "Nécessaire à prélèvement (Gaz du sang, Ionogramme, Numération formule sanguine, groupage...)",
			"cat": "Chariot d'anesthésie" 
		},

		{
			"id": 83 ,
			"materiel": "Pansements occlusifs transparents",
			"cat": "Chariot d'anesthésie" 
		},

		{
			"id": 84 ,
			"materiel": "Prolongateurs de perfusion",
			"cat": "Chariot d'anesthésie" 
		},

		{
			"id": 86 ,
			"materiel": "Bicarbonate de Sodium à 8,4% ",
			"cat": "Chariot d'anesthésie" 
		},

		{
			"id": 88 ,
			"materiel": "Gélatine 500 ml",
			"cat": "Chariot d'anesthésie" 
		},

		{
			"id": 90 ,
			"materiel": "Cristalloïde (Isofundine® 500 ml)",
			"cat": "Chariot d'anesthésie" 
		},

		{
			"id": 92 ,
			"materiel": "Cristalloïde (Ringer Lactate)",
			"cat": "Chariot d'anesthésie" 
		},

		{
			"id": 93 ,
			"materiel": "Gants à usage unique non stériles",
			"cat": "Chariot d'anesthésie" 
		},

		{
			"id": 94 ,
			"materiel": "Pince de Kocher",
			"cat": "Chariot d'anesthésie" 
		},

		{
			"id": 95 ,
			"materiel": "Protection oculaire (collyre, vit A...)",
			"cat": "Chariot d'anesthésie" 
		},

		{
			"id": 96 ,
			"materiel": "Solution hydro-alcoolique",
			"cat": "Chariot d'anesthésie" 
		},

		{
			"id": 98 ,
			"materiel": "Masque laryngé 3",
			"cat": "Chariot d'anesthésie" 
		},

		{
			"id": 99 ,
			"materiel": "Raccords annelés et filtres antibactériens",
			"cat": "Chariot d'anesthésie" 
		},

		{
			"id": 100 ,
			"materiel": "Electrodes",
			"cat": "Chariot d'anesthésie" 
		},

		{
			"id": 101 ,
			"materiel": "Brassards à tension de différentes tailles",
			"cat": "Chariot d'anesthésie" 
		},

		{
			"id": 102 ,
			"materiel": "Sonde thermique",
			"cat": "Chariot d'anesthésie" 
		},

		{
			"id": 103 ,
			"materiel": "Lame courbe 4",
			"cat": "Matériel" 
		},

		{
			"id": 104 ,
			"materiel": "Lame droite 0",
			"cat": "Matériel" 
		},

		{
			"id": 106 ,
			"materiel": "Pince de Magill moyenne",
			"cat": "Chariot d'anesthésie" 
		},

		{
			"id": 108 ,
			"materiel": "Protège-dents",
			"cat": "Matériel" 
		},

		{
			"id": 109 ,
			"materiel": "Sondes d'intubation préformées différentes tailles",
			"cat": "Matériel" 
		},

		{
			"id": 112 ,
			"materiel": "Masque laryngé 5",
			"cat": "Chariot d'anesthésie" 
		},

		{
			"id": 113 ,
			"materiel": "Fastrach®",
			"cat": "Matériel" 
		},

		{
			"id": 114 ,
			"materiel": "Set d'intubation rétrograde",
			"cat": "Matériel" 
		},

		{
			"id": 115 ,
			"materiel": "Set de cricothyroïdotomie",
			"cat": "Matériel" 
		},

		{
			"id": 116 ,
			"materiel": "Mandrin de Cook",
			"cat": "Matériel" 
		},

		{
			"id": 117 ,
			"materiel": "Alfentanyl",
			"cat": "Médicaments" 
		},

		{
			"id": 118 ,
			"materiel": "Fentanyl",
			"cat": "Médicaments" 
		},

		{
			"id": 120 ,
			"materiel": "Morphine",
			"cat": "Médicaments" 
		},

		{
			"id": 121 ,
			"materiel": "Rémifentanil",
			"cat": "Médicaments" 
		},

		{
			"id": 122 ,
			"materiel": "Sufentanil",
			"cat": "Médicaments" 
		},

		{
			"id": 124 ,
			"materiel": "Aspiration de secours",
			"cat": "Matériel" 
		},

		{
			"id": 125 ,
			"materiel": "Kit choc anaphylactique",
			"cat": "Matériel" 
		},

		{
			"id": 126 ,
			"materiel": "Hémoglucotest",
			"cat": "Matériel" 
		},

		{
			"id": 127 ,
			"materiel": "Kit hyperthermie maligne",
			"cat": "Matériel" 
		},

		{
			"id": 128 ,
			"materiel": "Matériel KTC",
			"cat": "Matériel" 
		},

		{
			"id": 129 ,
			"materiel": "Dispositif de compression veineuse intermittente",
			"cat": "Matériel" 
		},

		{
			"id": 130 ,
			"materiel": "Matériel d'échographie",
			"cat": "Matériel" 
		},

		{
			"id": 132 ,
			"materiel": "Ampoules glucose 30 %",
			"cat": "Matériel" 
		},

		{
			"id": 133 ,
			"materiel": "Atracurium",
			"cat": "Réfrigérateur" 
		},

		{
			"id": 134 ,
			"materiel": "Cisatracurium",
			"cat": "Réfrigérateur" 
		},

		{
			"id": 135 ,
			"materiel": "Rocuronium",
			"cat": "Réfrigérateur" 
		},

		{
			"id": 136 ,
			"materiel": "Suxamethonium",
			"cat": "Réfrigérateur" 
		},

		{
			"id": 137 ,
			"materiel": "Insuline rapide",
			"cat": "Réfrigérateur" 
		},

		{
			"id": 138 ,
			"materiel": "Isuprel",
			"cat": "Réfrigérateur" 
		},

		{
			"id": 140 ,
			"materiel": "Ocytocine",
			"cat": "Réfrigérateur" 
		},

		{
			"id": 142 ,
			"materiel": "Ketamine",
			"cat": "Médicaments" 
		},

		{
			"id": 145 ,
			"materiel": "ABTest (ou Sérum test)",
			"cat": "Réfrigérateur" 
		},

		{
			"id": 151 ,
			"materiel": "ECG 5 brins",
			"cat": "Tiroir Respirateur" 
		},

		{
			"id": 306 ,
			"materiel": "Curamètre",
			"cat": "Tiroir Respirateur" 
		},

		{
			"id": 307 ,
			"materiel": "Lame courbe 1",
			"cat": "Matériel" 
		},

		{
			"id": 308 ,
			"materiel": "Lame courbe 2",
			"cat": "Matériel" 
		},

		{
			"id": 309 ,
			"materiel": "Lame courbe 3",
			"cat": "Matériel" 
		},

		{
			"id": 311 ,
			"materiel": "Lame droite 1",
			"cat": "Matériel" 
		},

		{
			"id": 312 ,
			"materiel": "Lame droite 2",
			"cat": "Matériel" 
		},

		{
			"id": 313 ,
			"materiel": "Lame droite 3",
			"cat": "Matériel" 
		},

		{
			"id": 314 ,
			"materiel": "Matériel KTA / cables",
			"cat": "Matériel" 
		},

		{
			"id": 315 ,
			"materiel": "Pince de Magill grande",
			"cat": "Chariot d'anesthésie" 
		},

		{
			"id": 317 ,
			"materiel": "Sonde d'intubation 7",
			"cat": "Chariot d'anesthésie" 
		},

		{
			"id": 319 ,
			"materiel": "Sonde d'intubation 6,5",
			"cat": "Chariot d'anesthésie" 
		},

		{
			"id": 321 ,
			"materiel": "Sonde d'intubation armée 6,5",
			"cat": "Chariot d'anesthésie" 
		},

		{
			"id": 322 ,
			"materiel": "Sonde d'intubation armée 7",
			"cat": "Chariot d'anesthésie" 
		},

		{
			"id": 323 ,
			"materiel": "Sonde d'intubation armée 7,5",
			"cat": "Chariot d'anesthésie" 
		},

		{
			"id": 324 ,
			"materiel": "Sonde d'intubation armée 8",
			"cat": "Chariot d'anesthésie" 
		},

		{
			"id": 325 ,
			"materiel": "Cristalloïde (Isofundine® ou NaCl)",
			"cat": "Chariot d'anesthésie" 
		},

		{
			"id": 326 ,
			"materiel": "Sonde d'intubation armée ( toutes tailles)",
			"cat": "Chariot d'anesthésie" 
		}
	]
}