{
	"patients": [

		{
			"id": 1 ,
			"nom": "Barreau",
			"prenom": "Nathalie",
			"sexe": "Femme",
			"age": 25,
			"taille": 160,
			"poids": 70,
			"avatar": 1,
			"story": "- 2FIV\n- RGO gravioique\n- Pas de syndrome hémorragique",
			"materiels": [ 1, 3, 33, 319, 317, 309, 103, 59, 26, 22, 5, 53, 57, 325, 315 ],
			"reponses": [
				{"antiH2": "Oui." },
				{"rgo": "oui" },
				{"Evaluation Mallampati Urgence": "Oui" }
			],
			"spec": [],
			"treatments": "Tardyféron B9\nGaviston (anti-acide)",
			"allergies": [],
			"ta": "140\/80",
			"fc": 80,
			"examExtra": "",
			"dentalCondition": "RAS",
			"dentalRiskNotice": true,
			"mallanpati": 3,
			"thyroidMentalDistance": 66,
			"mouthOpening": 36,
			"difficultIntubation": true,
			"difficultVentilation": false,
			"asa": 2,
			"preAnestheticExaminations": [],
			"marProposition": "0",
			"expectedHospitalisation": "Conventionnelle",
			"transfusionStrategy": "",
			"preAnestheticVisit": "",
			"premedication": {"eve":[""],"morning":[""]},
			"premedicationExtra": ""
		},

		{
			"id": 2 ,
			"nom": "Durand",
			"prenom": "Jean",
			"sexe": "Homme",
			"age": 76,
			"taille": 176,
			"poids": 80,
			"avatar": 2,
			"story": "Tabac actif (bciq\/jour)\nBPCO post tabagique\nSAPHENES x2 (il y a 2 ans)\ncholecystectomie (il y a 2 ans)",
			"materiels": [ 309, 68, 75, 151, 60, 325, 15 ],
			"reponses": [
				{"jeun Tabac": "Non, je n'ai pas fumé depuis hier soir." },
				{"lombaire": "Non." }
			],
			"spec": [],
			"treatments": "Dricanyl (mimétique)\n1cp matin et soir",
			"allergies": [],
			"ta": "130\/70",
			"fc": 85,
			"examExtra": "",
			"dentalCondition": "",
			"dentalRiskNotice": true,
			"mallanpati": 2,
			"thyroidMentalDistance": 66,
			"mouthOpening": 36,
			"difficultIntubation": false,
			"difficultVentilation": false,
			"asa": 2,
			"preAnestheticExaminations": [],
			"marProposition": "1",
			"expectedHospitalisation": "Conventionnelle",
			"transfusionStrategy": "",
			"preAnestheticVisit": "Auscultation cardio-pulmonaire normale.",
			"premedication": {"eve":["Anxiolitique",""],"morning":["Gérosol","Atrovut + bricayl","Gaxiolitique",""]},
			"premedicationExtra": ""
		},

		{
			"id": 4 ,
			"nom": "Morel",
			"prenom": "Marie",
			"sexe": "Femme",
			"age": 68,
			"taille": 176,
			"poids": 72,
			"avatar": 4,
			"story": "ATCD chirurgicaux :\n-Hernies inguinales x2\nATCD médicaux:\n- Angor d'effort\n- 2 stents il y a 5 ans\n- Fibrillation auriculaire (FA)\n- Pas de coagulopathie clinique.",
			"materiels": [ 151, 30, 102, 317, 68, 309, 325 ],
			"reponses": [
				{"traitement Cardio 1": "Oui, j'ai bien pris mon Bétabloquant" },
				{"nuque": "Non, ça va." },
				{"Appareil dentaire": "Oui ,je l'ai enlevé" },
				{"Traitement Cardio 2": "Oui, il y a quelques jours" },
				{"Traitement cardio 3": "Non" }
			],
			"spec": [],
			"treatments": "Bétabloquant ( Soprol* 5mg le matin)\nAnticoagulant( Préviscan* 1 cp le soir)\n",
			"allergies": [],
			"ta": "130\/80",
			"fc": 65,
			"examExtra": "",
			"dentalCondition": "1 appareil dentaire supérieur",
			"dentalRiskNotice": true,
			"mallanpati": 1,
			"thyroidMentalDistance": 66,
			"mouthOpening": 36,
			"difficultIntubation": false,
			"difficultVentilation": false,
			"asa": 2,
			"preAnestheticExaminations": ["Groupe 1", "Groupe 2", "Phénotype", "RAI", "Cross NF", "TP", "Iono", "INR: Selon résultat", "vitamine K 5 mg"],
			"marProposition": "1",
			"expectedHospitalisation": "Conventionnelle",
			"transfusionStrategy": "",
			"preAnestheticVisit": "Auscultation cardiopulmonaire normale.",
			"premedication": {"eve":["INR : Selon résultat, Vitamine K, 5 mg",""],"morning":["Contrôle TP/INR","Bétabloquant ",""]},
			"premedicationExtra": ""
		},

		{
			"id": 5 ,
			"nom": "Monet",
			"prenom": "Frédéric",
			"sexe": "Homme",
			"age": 35,
			"taille": 180,
			"poids": 78,
			"avatar": 5,
			"story": "Appendicectomie dans l'enfance.\nAsthme équilibré.",
			"materiels": [ 75, 68, 309, 60, 325 ],
			"reponses": [
				{"asthme": "C'était il y a trois semaines environ." },
				{"aérosol": "Oui, je l'ai bien eu." }
			],
			"spec": [],
			"treatments": "Innovair\n1 bouffée matin et soir.",
			"allergies": ["Pollen"],
			"ta": "130",
			"fc": 70,
			"examExtra": "",
			"dentalCondition": "",
			"dentalRiskNotice": true,
			"mallanpati": 2,
			"thyroidMentalDistance": 66,
			"mouthOpening": 36,
			"difficultIntubation": false,
			"difficultVentilation": false,
			"asa": 2,
			"preAnestheticExaminations": [],
			"marProposition": "1",
			"expectedHospitalisation": "Conventionnelle",
			"transfusionStrategy": "",
			"preAnestheticVisit": "Ausculatation pulmonaire normale",
			"premedication": {"eve":[""],"morning":[""]},
			"premedicationExtra": ""
		},

		{
			"id": 6 ,
			"nom": "Garcia",
			"prenom": "Emmanuel",
			"sexe": "Homme",
			"age": 35,
			"taille": 175,
			"poids": 120,
			"avatar": 3,
			"story": "Diabète insulino-requérant (équilibré) depuis 15 ans. Pas d'angor ni hypertension.\nFracture du fémur il y a 10 ans suite à un accident de moto.",
			"materiels": [ 3, 5, 26, 59, 17, 19, 38, 30, 126, 75, 309, 103 ],
			"reponses": [
				{"rgo": "Non." },
				{"glycémie": "Oui, j'étais à 0,8 g/l" },
				{"nuque": "Non, pas de soucis." },
				{"apnée": "Non, jamais." },
				{"antiH2": "" }
			],
			"spec": [],
			"treatments": "Novo-rapide (insuline rapide)\n12 UI le matin\nLantus (insuline)\n30 UI le soir",
			"allergies": [],
			"ta": "130\/60",
			"fc": 95,
			"examExtra": "Test exam précisions",
			"dentalCondition": "RAI",
			"dentalRiskNotice": true,
			"mallanpati": 2,
			"thyroidMentalDistance": 64,
			"mouthOpening": 36,
			"difficultIntubation": true,
			"difficultVentilation": false,
			"asa": 2,
			"preAnestheticExaminations": [],
			"marProposition": "1",
			"expectedHospitalisation": "Conventionnelle",
			"transfusionStrategy": "",
			"preAnestheticVisit": "",
			"premedication": {"eve":[""],"morning":[""]},
			"premedicationExtra": "Test prémédications précisions"
		}
	]
}